institution,type,nation,word_count,detection_raw,education_raw,detection_per_1k,education_per_1k,detection_keywords,education_keywords,framing_ratio,frame_category
University of Cambridge,Russell Group,England,230,3,12,13.04,52.17,"{'plagiarism': 0, 'detection': 0, 'misconduct': 2, 'penalty': 0, 'penalties': 0, 'turnitin': 0, 'contract cheating': 0, 'breach': 0, 'disciplinary': 0, 'sanction': 1, 'sanctions': 0, 'suspicious': 0, 'investigation': 0, 'academic integrity': 0, 'collusion': 0, 'unfair': 0, 'cheat': 0, 'cheating': 0, 'detect': 0, 'detected': 0, 'offence': 0, 'offences': 0, 'punishment': 0, 'prohibit': 0, 'prohibited': 0, 'violation': 0, 'unauthorised': 0, 'unauthorized': 0, 'declare': 0, 'declaration': 0, 'disclose': 0, 'not permitted': 0, 'not allowed': 0, 'zero tolerance': 0}","{'literacy': 0, 'critical thinking': 0, 'pedagogy': 0, 'skill': 0, 'skills': 0, 'curriculum': 0, 'learning': 2, 'opportunity': 0, 'opportunities': 0, 'creativity': 0, 'creative': 0, 'agency': 0, 'assessment design': 0, 'co-creation': 0, 'student voice': 0, 'dialogue': 0, 'empower': 0, 'develop': 1, 'development': 0, 'competence': 0, 'capability': 0, 'ethical': 0, 'ethics': 0, 'responsible': 0, 'responsibility': 0, 'reflection': 0, 'reflective': 0, 'critical': 0, 'evaluate': 0, 'understand': 1, 'understanding': 0, 'engage': 1, 'engagement': 0, 'support': 2, 'guidance': 4, 'learn': 0, 'teach': 0, 'teaching': 1, 'practice': 0, 'practices': 0, 'digital literacy': 0, 'information literacy': 0, 'media literacy': 0}",0.2,Education-dominant
University of St Andrews,Pre-1992,Scotland,2136,18,50,8.43,23.41,"{'plagiarism': 1, 'detection': 4, 'misconduct': 5, 'penalty': 0, 'penalties': 0, 'turnitin': 1, 'contract cheating': 0, 'breach': 0, 'disciplinary': 0, 'sanction': 0, 'sanctions': 0, 'suspicious': 0, 'investigation': 0, 'academic integrity': 2, 'collusion': 0, 'unfair': 0, 'cheat': 0, 'cheating': 0, 'detect': 1, 'detected': 0, 'offence': 0, 'offences': 0, 'punishment': 0, 'prohibit': 1, 'prohibited': 0, 'violation': 0, 'unauthorised': 2, 'unauthorized': 0, 'declare': 0, 'declaration': 1, 'disclose': 0, 'not permitted': 0, 'not allowed': 0, 'zero tolerance': 0}","{'literacy': 0, 'critical thinking': 1, 'pedagogy': 0, 'skill': 0, 'skills': 11, 'curriculum': 0, 'learning': 6, 'opportunity': 0, 'opportunities': 1, 'creativity': 0, 'creative': 0, 'agency': 1, 'assessment design': 0, 'co-creation': 0, 'student voice': 0, 'dialogue': 0, 'empower': 0, 'develop': 3, 'development': 1, 'competence': 0, 'capability': 0, 'ethical': 0, 'ethics': 0, 'responsible': 0, 'responsibility': 0, 'reflection': 0, 'reflective': 0, 'critical': 2, 'evaluate': 0, 'understand': 0, 'understanding': 1, 'engage': 0, 'engagement': 1, 'support': 8, 'guidance': 5, 'learn': 2, 'teach': 0, 'teaching': 2, 'practice': 5, 'practices': 0, 'digital literacy': 0, 'information literacy': 0, 'media literacy': 0}",0.2647058823529412,Education-dominant
University of Glasgow,Russell Group,Scotland,2407,16,45,6.65,18.7,"{'plagiarism': 2, 'detection': 0, 'misconduct': 3, 'penalty': 0, 'penalties': 0, 'turnitin': 0, 'contract cheating': 0, 'breach': 0, 'disciplinary': 1, 'sanction': 0, 'sanctions': 0, 'suspicious': 0, 'investigation': 1, 'academic integrity': 7, 'collusion': 0, 'unfair': 0, 'cheat': 0, 'cheating': 0, 'detect': 0, 'detected': 0, 'offence': 0, 'offences': 0, 'punishment': 0, 'prohibit': 2, 'prohibited': 0, 'violation': 0, 'unauthorised': 0, 'unauthorized': 0, 'declare': 0, 'declaration': 0, 'disclose': 0, 'not permitted': 0, 'not allowed': 0, 'zero tolerance': 0}","{'literacy': 0, 'critical thinking': 0, 'pedagogy': 0, 'skill': 1, 'skills': 0, 'curriculum': 0, 'learning': 5, 'opportunity': 0, 'opportunities': 0, 'creativity': 0, 'creative': 0, 'agency': 0, 'assessment design': 0, 'co-creation': 0, 'student voice': 0, 'dialogue': 0, 'empower': 0, 'develop': 2, 'development': 1, 'competence': 0, 'capability': 1, 'ethical': 2, 'ethics': 0, 'responsible': 1, 'responsibility': 3, 'reflection': 2, 'reflective': 1, 'critical': 6, 'evaluate': 2, 'understand': 6, 'understanding': 3, 'engage': 1, 'engagement': 0, 'support': 1, 'guidance': 4, 'learn': 1, 'teach': 0, 'teaching': 0, 'practice': 2, 'practices': 0, 'digital literacy': 0, 'information literacy': 0, 'media literacy': 0}",0.26229508196721313,Education-dominant
University of Aberdeen,Pre-1992,Scotland,285,3,9,10.53,31.58,"{'plagiarism': 0, 'detection': 0, 'misconduct': 0, 'penalty': 0, 'penalties': 0, 'turnitin': 0, 'contract cheating': 0, 'breach': 0, 'disciplinary': 0, 'sanction': 0, 'sanctions': 0, 'suspicious': 0, 'investigation': 0, 'academic integrity': 3, 'collusion': 0, 'unfair': 0, 'cheat': 0, 'cheating': 0, 'detect': 0, 'detected': 0, 'offence': 0, 'offences': 0, 'punishment': 0, 'prohibit': 0, 'prohibited': 0, 'violation': 0, 'unauthorised': 0, 'unauthorized': 0, 'declare': 0, 'declaration': 0, 'disclose': 0, 'not permitted': 0, 'not allowed': 0, 'zero tolerance': 0}","{'literacy': 0, 'critical thinking': 0, 'pedagogy': 0, 'skill': 0, 'skills': 2, 'curriculum': 0, 'learning': 1, 'opportunity': 0, 'opportunities': 0, 'creativity': 0, 'creative': 0, 'agency': 0, 'assessment design': 0, 'co-creation': 0, 'student voice': 0, 'dialogue': 0, 'empower': 1, 'develop': 0, 'development': 0, 'competence': 0, 'capability': 0, 'ethical': 0, 'ethics': 0, 'responsible': 0, 'responsibility': 0, 'reflection': 0, 'reflective': 0, 'critical': 0, 'evaluate': 0, 'understand': 2, 'understanding': 0, 'engage': 0, 'engagement': 0, 'support': 0, 'guidance': 2, 'learn': 1, 'teach': 0, 'teaching': 0, 'practice': 0, 'practices': 0, 'digital literacy': 0, 'information literacy': 0, 'media literacy': 0}",0.25,Education-dominant
University of Edinburgh,Russell Group,Scotland,107,0,5,0.0,46.73,"{'plagiarism': 0, 'detection': 0, 'misconduct': 0, 'penalty': 0, 'penalties': 0, 'turnitin': 0, 'contract cheating': 0, 'breach': 0, 'disciplinary': 0, 'sanction': 0, 'sanctions': 0, 'suspicious': 0, 'investigation': 0, 'academic integrity': 0, 'collusion': 0, 'unfair': 0, 'cheat': 0, 'cheating': 0, 'detect': 0, 'detected': 0, 'offence': 0, 'offences': 0, 'punishment': 0, 'prohibit': 0, 'prohibited': 0, 'violation': 0, 'unauthorised': 0, 'unauthorized': 0, 'declare': 0, 'declaration': 0, 'disclose': 0, 'not permitted': 0, 'not allowed': 0, 'zero tolerance': 0}","{'literacy': 0, 'critical thinking': 0, 'pedagogy': 0, 'skill': 0, 'skills': 0, 'curriculum': 0, 'learning': 0, 'opportunity': 0, 'opportunities': 0, 'creativity': 0, 'creative': 0, 'agency': 0, 'assessment design': 0, 'co-creation': 0, 'student voice': 0, 'dialogue': 0, 'empower': 0, 'develop': 0, 'development': 0, 'competence': 0, 'capability': 0, 'ethical': 1, 'ethics': 0, 'responsible': 0, 'responsibility': 0, 'reflection': 0, 'reflective': 0, 'critical': 0, 'evaluate': 0, 'understand': 0, 'understanding': 1, 'engage': 0, 'engagement': 0, 'support': 0, 'guidance': 3, 'learn': 0, 'teach': 0, 'teaching': 0, 'practice': 0, 'practices': 0, 'digital literacy': 0, 'information literacy': 0, 'media literacy': 0}",0.0,Education-dominant
Durham University,Russell Group,England,9202,100,115,10.87,12.5,"{'plagiarism': 1, 'detection': 1, 'misconduct': 68, 'penalty': 3, 'penalties': 6, 'turnitin': 1, 'contract cheating': 0, 'breach': 0, 'disciplinary': 0, 'sanction': 0, 'sanctions': 0, 'suspicious': 0, 'investigation': 1, 'academic integrity': 0, 'collusion': 0, 'unfair': 0, 'cheat': 0, 'cheating': 0, 'detect': 0, 'detected': 0, 'offence': 2, 'offences': 0, 'punishment': 0, 'prohibit': 0, 'prohibited': 0, 'violation': 0, 'unauthorised': 0, 'unauthorized': 0, 'declare': 0, 'declaration': 12, 'disclose': 0, 'not permitted': 4, 'not allowed': 1, 'zero tolerance': 0}","{'literacy': 0, 'critical thinking': 2, 'pedagogy': 0, 'skill': 0, 'skills': 0, 'curriculum': 0, 'learning': 29, 'opportunity': 0, 'opportunities': 0, 'creativity': 1, 'creative': 0, 'agency': 0, 'assessment design': 0, 'co-creation': 0, 'student voice': 0, 'dialogue': 0, 'empower': 0, 'develop': 0, 'development': 1, 'competence': 0, 'capability': 0, 'ethical': 15, 'ethics': 1, 'responsible': 4, 'responsibility': 0, 'reflection': 0, 'reflective': 0, 'critical': 2, 'evaluate': 1, 'understand': 2, 'understanding': 7, 'engage': 5, 'engagement': 5, 'support': 2, 'guidance': 25, 'learn': 1, 'teach': 0, 'teaching': 1, 'practice': 9, 'practices': 2, 'digital literacy': 0, 'information literacy': 0, 'media literacy': 0}",0.46511627906976744,Balanced
University of London,Pre-1992,England,4467,7,165,1.57,36.94,"{'plagiarism': 1, 'detection': 0, 'misconduct': 0, 'penalty': 0, 'penalties': 0, 'turnitin': 0, 'contract cheating': 0, 'breach': 0, 'disciplinary': 1, 'sanction': 0, 'sanctions': 0, 'suspicious': 0, 'investigation': 0, 'academic integrity': 2, 'collusion': 0, 'unfair': 1, 'cheat': 0, 'cheating': 0, 'detect': 0, 'detected': 0, 'offence': 0, 'offences': 0, 'punishment': 0, 'prohibit': 0, 'prohibited': 1, 'violation': 0, 'unauthorised': 1, 'unauthorized': 0, 'declare': 0, 'declaration': 0, 'disclose': 0, 'not permitted': 0, 'not allowed': 0, 'zero tolerance': 0}","{'literacy': 6, 'critical thinking': 0, 'pedagogy': 0, 'skill': 0, 'skills': 5, 'curriculum': 0, 'learning': 17, 'opportunity': 0, 'opportunities': 8, 'creativity': 1, 'creative': 2, 'agency': 0, 'assessment design': 0, 'co-creation': 0, 'student voice': 0, 'dialogue': 2, 'empower': 1, 'develop': 7, 'development': 6, 'competence': 0, 'capability': 0, 'ethical': 17, 'ethics': 6, 'responsible': 6, 'responsibility': 4, 'reflection': 0, 'reflective': 0, 'critical': 6, 'evaluate': 3, 'understand': 6, 'understanding': 5, 'engage': 4, 'engagement': 4, 'support': 12, 'guidance': 9, 'learn': 1, 'teach': 0, 'teaching': 10, 'practice': 7, 'practices': 10, 'digital literacy': 0, 'information literacy': 0, 'media literacy': 0}",0.040697674418604654,Education-dominant
University of Birmingham,Russell Group,England,3072,14,75,4.56,24.41,"{'plagiarism': 5, 'detection': 0, 'misconduct': 4, 'penalty': 0, 'penalties': 0, 'turnitin': 0, 'contract cheating': 0, 'breach': 0, 'disciplinary': 0, 'sanction': 0, 'sanctions': 0, 'suspicious': 0, 'investigation': 0, 'academic integrity': 4, 'collusion': 0, 'unfair': 0, 'cheat': 0, 'cheating': 0, 'detect': 0, 'detected': 0, 'offence': 0, 'offences': 0, 'punishment': 0, 'prohibit': 0, 'prohibited': 0, 'violation': 0, 'unauthorised': 0, 'unauthorized': 0, 'declare': 0, 'declaration': 1, 'disclose': 0, 'not permitted': 0, 'not allowed': 0, 'zero tolerance': 0}","{'literacy': 0, 'critical thinking': 3, 'pedagogy': 0, 'skill': 3, 'skills': 11, 'curriculum': 0, 'learning': 6, 'opportunity': 1, 'opportunities': 0, 'creativity': 0, 'creative': 1, 'agency': 0, 'assessment design': 0, 'co-creation': 0, 'student voice': 0, 'dialogue': 0, 'empower': 0, 'develop': 5, 'development': 1, 'competence': 0, 'capability': 0, 'ethical': 3, 'ethics': 1, 'responsible': 0, 'responsibility': 0, 'reflection': 0, 'reflective': 1, 'critical': 5, 'evaluate': 4, 'understand': 4, 'understanding': 4, 'engage': 1, 'engagement': 0, 'support': 4, 'guidance': 7, 'learn': 2, 'teach': 0, 'teaching': 2, 'practice': 6, 'practices': 0, 'digital literacy': 0, 'information literacy': 0, 'media literacy': 0}",0.15730337078651685,Education-dominant
University of Liverpool,Russell Group,England,2596,25,53,9.63,20.42,"{'plagiarism': 1, 'detection': 0, 'misconduct': 5, 'penalty': 1, 'penalties': 3, 'turnitin': 0, 'contract cheating': 0, 'breach': 1, 'disciplinary': 2, 'sanction': 0, 'sanctions': 1, 'suspicious': 0, 'investigation': 0, 'academic integrity': 6, 'collusion': 0, 'unfair': 2, 'cheat': 0, 'cheating': 0, 'detect': 0, 'detected': 0, 'offence': 0, 'offences': 0, 'punishment': 0, 'prohibit': 0, 'prohibited': 0, 'violation': 0, 'unauthorised': 0, 'unauthorized': 0, 'declare': 3, 'declaration': 0, 'disclose': 0, 'not permitted': 0, 'not allowed': 0, 'zero tolerance': 0}","{'literacy': 1, 'critical thinking': 0, 'pedagogy': 0, 'skill': 0, 'skills': 2, 'curriculum': 1, 'learning': 2, 'opportunity': 0, 'opportunities': 0, 'creativity': 0, 'creative': 1, 'agency': 0, 'assessment design': 0, 'co-creation': 0, 'student voice': 0, 'dialogue': 0, 'empower': 0, 'develop': 1, 'development': 0, 'competence': 0, 'capability': 0, 'ethical': 2, 'ethics': 0, 'responsible': 0, 'responsibility': 2, 'reflection': 0, 'reflective': 0, 'critical': 0, 'evaluate': 1, 'understand': 1, 'understanding': 3, 'engage': 2, 'engagement': 1, 'support': 3, 'guidance': 13, 'learn': 0, 'teach': 0, 'teaching': 3, 'practice': 14, 'practices': 0, 'digital literacy': 0, 'information literacy': 0, 'media literacy': 0}",0.32051282051282054,Education-dominant
University of Sheffield,Russell Group,England,522,0,41,0.0,78.54,"{'plagiarism': 0, 'detection': 0, 'misconduct': 0, 'penalty': 0, 'penalties': 0, 'turnitin': 0, 'contract cheating': 0, 'breach': 0, 'disciplinary': 0, 'sanction': 0, 'sanctions': 0, 'suspicious': 0, 'investigation': 0, 'academic integrity': 0, 'collusion': 0, 'unfair': 0, 'cheat': 0, 'cheating': 0, 'detect': 0, 'detected': 0, 'offence': 0, 'offences': 0, 'punishment': 0, 'prohibit': 0, 'prohibited': 0, 'violation': 0, 'unauthorised': 0, 'unauthorized': 0, 'declare': 0, 'declaration': 0, 'disclose': 0, 'not permitted': 0, 'not allowed': 0, 'zero tolerance': 0}","{'literacy': 1, 'critical thinking': 1, 'pedagogy': 0, 'skill': 0, 'skills': 8, 'curriculum': 0, 'learning': 4, 'opportunity': 0, 'opportunities': 1, 'creativity': 1, 'creative': 0, 'agency': 0, 'assessment design': 0, 'co-creation': 0, 'student voice': 0, 'dialogue': 0, 'empower': 0, 'develop': 2, 'development': 1, 'competence': 0, 'capability': 0, 'ethical': 1, 'ethics': 0, 'responsible': 0, 'responsibility': 0, 'reflection': 0, 'reflective': 0, 'critical': 3, 'evaluate': 0, 'understand': 3, 'understanding': 0, 'engage': 0, 'engagement': 1, 'support': 6, 'guidance': 1, 'learn': 4, 'teach': 0, 'teaching': 3, 'practice': 0, 'practices': 0, 'digital literacy': 0, 'information literacy': 0, 'media literacy': 0}",0.0,Education-dominant
University of Bristol,Russell Group,England,417,4,6,9.59,14.39,"{'plagiarism': 0, 'detection': 0, 'misconduct': 0, 'penalty': 0, 'penalties': 0, 'turnitin': 0, 'contract cheating': 1, 'breach': 0, 'disciplinary': 0, 'sanction': 0, 'sanctions': 0, 'suspicious': 0, 'investigation': 0, 'academic integrity': 0, 'collusion': 0, 'unfair': 0, 'cheat': 0, 'cheating': 1, 'detect': 0, 'detected': 0, 'offence': 0, 'offences': 0, 'punishment': 0, 'prohibit': 0, 'prohibited': 1, 'violation': 0, 'unauthorised': 0, 'unauthorized': 0, 'declare': 0, 'declaration': 0, 'disclose': 0, 'not permitted': 0, 'not allowed': 1, 'zero tolerance': 0}","{'literacy': 0, 'critical thinking': 0, 'pedagogy': 0, 'skill': 0, 'skills': 1, 'curriculum': 0, 'learning': 2, 'opportunity': 0, 'opportunities': 0, 'creativity': 0, 'creative': 0, 'agency': 0, 'assessment design': 0, 'co-creation': 0, 'student voice': 0, 'dialogue': 0, 'empower': 0, 'develop': 0, 'development': 0, 'competence': 0, 'capability': 0, 'ethical': 0, 'ethics': 0, 'responsible': 0, 'responsibility': 0, 'reflection': 0, 'reflective': 0, 'critical': 0, 'evaluate': 0, 'understand': 0, 'understanding': 0, 'engage': 0, 'engagement': 0, 'support': 1, 'guidance': 2, 'learn': 0, 'teach': 0, 'teaching': 0, 'practice': 0, 'practices': 0, 'digital literacy': 0, 'information literacy': 0, 'media literacy': 0}",0.4,Balanced
University of Southampton,Russell Group,England,1112,3,34,2.7,30.58,"{'plagiarism': 0, 'detection': 0, 'misconduct': 0, 'penalty': 0, 'penalties': 1, 'turnitin': 0, 'contract cheating': 0, 'breach': 0, 'disciplinary': 1, 'sanction': 0, 'sanctions': 0, 'suspicious': 0, 'investigation': 0, 'academic integrity': 0, 'collusion': 0, 'unfair': 0, 'cheat': 0, 'cheating': 0, 'detect': 0, 'detected': 0, 'offence': 0, 'offences': 0, 'punishment': 0, 'prohibit': 0, 'prohibited': 0, 'violation': 0, 'unauthorised': 0, 'unauthorized': 0, 'declare': 0, 'declaration': 1, 'disclose': 0, 'not permitted': 0, 'not allowed': 0, 'zero tolerance': 0}","{'literacy': 0, 'critical thinking': 1, 'pedagogy': 0, 'skill': 0, 'skills': 1, 'curriculum': 0, 'learning': 5, 'opportunity': 0, 'opportunities': 0, 'creativity': 0, 'creative': 0, 'agency': 0, 'assessment design': 0, 'co-creation': 0, 'student voice': 0, 'dialogue': 0, 'empower': 0, 'develop': 5, 'development': 1, 'competence': 0, 'capability': 0, 'ethical': 1, 'ethics': 0, 'responsible': 1, 'responsibility': 1, 'reflection': 0, 'reflective': 0, 'critical': 1, 'evaluate': 0, 'understand': 0, 'understanding': 1, 'engage': 0, 'engagement': 0, 'support': 10, 'guidance': 4, 'learn': 0, 'teach': 0, 'teaching': 2, 'practice': 0, 'practices': 0, 'digital literacy': 0, 'information literacy': 0, 'media literacy': 0}",0.08108108108108109,Education-dominant
University of Leicester,Pre-1992,England,4603,40,161,8.69,34.98,"{'plagiarism': 1, 'detection': 2, 'misconduct': 9, 'penalty': 0, 'penalties': 0, 'turnitin': 0, 'contract cheating': 0, 'breach': 4, 'disciplinary': 3, 'sanction': 0, 'sanctions': 2, 'suspicious': 0, 'investigation': 0, 'academic integrity': 8, 'collusion': 0, 'unfair': 0, 'cheat': 0, 'cheating': 0, 'detect': 0, 'detected': 0, 'offence': 0, 'offences': 0, 'punishment': 0, 'prohibit': 0, 'prohibited': 3, 'violation': 0, 'unauthorised': 0, 'unauthorized': 0, 'declare': 0, 'declaration': 2, 'disclose': 0, 'not permitted': 6, 'not allowed': 0, 'zero tolerance': 0}","{'literacy': 1, 'critical thinking': 2, 'pedagogy': 0, 'skill': 0, 'skills': 5, 'curriculum': 3, 'learning': 35, 'opportunity': 0, 'opportunities': 4, 'creativity': 0, 'creative': 1, 'agency': 0, 'assessment design': 0, 'co-creation': 0, 'student voice': 0, 'dialogue': 0, 'empower': 0, 'develop': 2, 'development': 7, 'competence': 0, 'capability': 0, 'ethical': 8, 'ethics': 1, 'responsible': 19, 'responsibility': 2, 'reflection': 1, 'reflective': 0, 'critical': 3, 'evaluate': 0, 'understand': 0, 'understanding': 0, 'engage': 6, 'engagement': 2, 'support': 17, 'guidance': 9, 'learn': 2, 'teach': 0, 'teaching': 29, 'practice': 1, 'practices': 1, 'digital literacy': 0, 'information literacy': 0, 'media literacy': 0}",0.19900497512437812,Education-dominant
University of Reading,Pre-1992,England,974,15,38,15.4,39.01,"{'plagiarism': 2, 'detection': 0, 'misconduct': 4, 'penalty': 0, 'penalties': 0, 'turnitin': 0, 'contract cheating': 0, 'breach': 1, 'disciplinary': 1, 'sanction': 0, 'sanctions': 1, 'suspicious': 0, 'investigation': 0, 'academic integrity': 4, 'collusion': 0, 'unfair': 1, 'cheat': 0, 'cheating': 1, 'detect': 0, 'detected': 0, 'offence': 0, 'offences': 0, 'punishment': 0, 'prohibit': 0, 'prohibited': 0, 'violation': 0, 'unauthorised': 0, 'unauthorized': 0, 'declare': 0, 'declaration': 0, 'disclose': 0, 'not permitted': 0, 'not allowed': 0, 'zero tolerance': 0}","{'literacy': 0, 'critical thinking': 2, 'pedagogy': 0, 'skill': 0, 'skills': 4, 'curriculum': 0, 'learning': 9, 'opportunity': 0, 'opportunities': 0, 'creativity': 0, 'creative': 0, 'agency': 0, 'assessment design': 0, 'co-creation': 0, 'student voice': 0, 'dialogue': 0, 'empower': 0, 'develop': 3, 'development': 0, 'competence': 0, 'capability': 0, 'ethical': 0, 'ethics': 0, 'responsible': 0, 'responsibility': 0, 'reflection': 0, 'reflective': 0, 'critical': 3, 'evaluate': 0, 'understand': 1, 'understanding': 2, 'engage': 0, 'engagement': 0, 'support': 8, 'guidance': 4, 'learn': 1, 'teach': 0, 'teaching': 1, 'practice': 0, 'practices': 0, 'digital literacy': 0, 'information literacy': 0, 'media literacy': 0}",0.2830188679245283,Education-dominant
Newcastle University,Russell Group,England,1547,20,101,12.93,65.29,"{'plagiarism': 5, 'detection': 0, 'misconduct': 7, 'penalty': 0, 'penalties': 0, 'turnitin': 0, 'contract cheating': 0, 'breach': 0, 'disciplinary': 0, 'sanction': 0, 'sanctions': 0, 'suspicious': 0, 'investigation': 1, 'academic integrity': 5, 'collusion': 2, 'unfair': 0, 'cheat': 0, 'cheating': 0, 'detect': 0, 'detected': 0, 'offence': 0, 'offences': 0, 'punishment': 0, 'prohibit': 0, 'prohibited': 0, 'violation': 0, 'unauthorised': 0, 'unauthorized': 0, 'declare': 0, 'declaration': 0, 'disclose': 0, 'not permitted': 0, 'not allowed': 0, 'zero tolerance': 0}","{'literacy': 5, 'critical thinking': 1, 'pedagogy': 0, 'skill': 0, 'skills': 11, 'curriculum': 0, 'learning': 20, 'opportunity': 0, 'opportunities': 2, 'creativity': 0, 'creative': 1, 'agency': 0, 'assessment design': 0, 'co-creation': 0, 'student voice': 0, 'dialogue': 0, 'empower': 0, 'develop': 5, 'development': 7, 'competence': 0, 'capability': 0, 'ethical': 2, 'ethics': 0, 'responsible': 2, 'responsibility': 2, 'reflection': 0, 'reflective': 2, 'critical': 4, 'evaluate': 1, 'understand': 0, 'understanding': 4, 'engage': 2, 'engagement': 0, 'support': 5, 'guidance': 6, 'learn': 2, 'teach': 0, 'teaching': 0, 'practice': 17, 'practices': 0, 'digital literacy': 0, 'information literacy': 0, 'media literacy': 0}",0.1652892561983471,Education-dominant
Cardiff University,Russell Group,Wales,743,2,55,2.69,74.02,"{'plagiarism': 0, 'detection': 0, 'misconduct': 0, 'penalty': 0, 'penalties': 0, 'turnitin': 1, 'contract cheating': 0, 'breach': 0, 'disciplinary': 0, 'sanction': 0, 'sanctions': 0, 'suspicious': 0, 'investigation': 0, 'academic integrity': 1, 'collusion': 0, 'unfair': 0, 'cheat': 0, 'cheating': 0, 'detect': 0, 'detected': 0, 'offence': 0, 'offences': 0, 'punishment': 0, 'prohibit': 0, 'prohibited': 0, 'violation': 0, 'unauthorised': 0, 'unauthorized': 0, 'declare': 0, 'declaration': 0, 'disclose': 0, 'not permitted': 0, 'not allowed': 0, 'zero tolerance': 0}","{'literacy': 0, 'critical thinking': 0, 'pedagogy': 0, 'skill': 0, 'skills': 1, 'curriculum': 0, 'learning': 19, 'opportunity': 0, 'opportunities': 1, 'creativity': 0, 'creative': 0, 'agency': 0, 'assessment design': 1, 'co-creation': 3, 'student voice': 0, 'dialogue': 0, 'empower': 0, 'develop': 1, 'development': 1, 'competence': 1, 'capability': 1, 'ethical': 3, 'ethics': 0, 'responsible': 3, 'responsibility': 0, 'reflection': 0, 'reflective': 0, 'critical': 0, 'evaluate': 0, 'understand': 1, 'understanding': 1, 'engage': 0, 'engagement': 1, 'support': 4, 'guidance': 3, 'learn': 1, 'teach': 0, 'teaching': 6, 'practice': 3, 'practices': 0, 'digital literacy': 0, 'information literacy': 0, 'media literacy': 0}",0.03508771929824561,Education-dominant
Swansea University,Pre-1992,Wales,1404,8,71,5.7,50.57,"{'plagiarism': 0, 'detection': 0, 'misconduct': 0, 'penalty': 0, 'penalties': 0, 'turnitin': 0, 'contract cheating': 0, 'breach': 0, 'disciplinary': 0, 'sanction': 0, 'sanctions': 0, 'suspicious': 0, 'investigation': 0, 'academic integrity': 7, 'collusion': 0, 'unfair': 0, 'cheat': 0, 'cheating': 0, 'detect': 0, 'detected': 0, 'offence': 0, 'offences': 0, 'punishment': 0, 'prohibit': 0, 'prohibited': 0, 'violation': 0, 'unauthorised': 0, 'unauthorized': 0, 'declare': 0, 'declaration': 1, 'disclose': 0, 'not permitted': 0, 'not allowed': 0, 'zero tolerance': 0}","{'literacy': 7, 'critical thinking': 0, 'pedagogy': 0, 'skill': 0, 'skills': 0, 'curriculum': 0, 'learning': 6, 'opportunity': 0, 'opportunities': 1, 'creativity': 1, 'creative': 0, 'agency': 0, 'assessment design': 0, 'co-creation': 0, 'student voice': 1, 'dialogue': 0, 'empower': 0, 'develop': 4, 'development': 0, 'competence': 0, 'capability': 0, 'ethical': 7, 'ethics': 0, 'responsible': 9, 'responsibility': 0, 'reflection': 0, 'reflective': 0, 'critical': 2, 'evaluate': 0, 'understand': 3, 'understanding': 4, 'engage': 3, 'engagement': 1, 'support': 4, 'guidance': 6, 'learn': 4, 'teach': 0, 'teaching': 1, 'practice': 4, 'practices': 2, 'digital literacy': 1, 'information literacy': 0, 'media literacy': 0}",0.10126582278481013,Education-dominant
Aberystwyth University,Pre-1992,Wales,953,6,40,6.3,41.97,"{'plagiarism': 1, 'detection': 0, 'misconduct': 1, 'penalty': 0, 'penalties': 0, 'turnitin': 0, 'contract cheating': 0, 'breach': 0, 'disciplinary': 0, 'sanction': 0, 'sanctions': 0, 'suspicious': 0, 'investigation': 0, 'academic integrity': 3, 'collusion': 0, 'unfair': 1, 'cheat': 0, 'cheating': 0, 'detect': 0, 'detected': 0, 'offence': 0, 'offences': 0, 'punishment': 0, 'prohibit': 0, 'prohibited': 0, 'violation': 0, 'unauthorised': 0, 'unauthorized': 0, 'declare': 0, 'declaration': 0, 'disclose': 0, 'not permitted': 0, 'not allowed': 0, 'zero tolerance': 0}","{'literacy': 2, 'critical thinking': 0, 'pedagogy': 0, 'skill': 0, 'skills': 0, 'curriculum': 0, 'learning': 4, 'opportunity': 0, 'opportunities': 0, 'creativity': 0, 'creative': 0, 'agency': 0, 'assessment design': 0, 'co-creation': 0, 'student voice': 0, 'dialogue': 0, 'empower': 0, 'develop': 0, 'development': 0, 'competence': 0, 'capability': 0, 'ethical': 8, 'ethics': 2, 'responsible': 2, 'responsibility': 2, 'reflection': 0, 'reflective': 0, 'critical': 2, 'evaluate': 0, 'understand': 0, 'understanding': 1, 'engage': 1, 'engagement': 0, 'support': 3, 'guidance': 4, 'learn': 0, 'teach': 0, 'teaching': 3, 'practice': 3, 'practices': 3, 'digital literacy': 0, 'information literacy': 0, 'media literacy': 0}",0.13043478260869565,Education-dominant
University of Hull,Pre-1992,England,820,1,17,1.22,20.73,"{'plagiarism': 0, 'detection': 0, 'misconduct': 1, 'penalty': 0, 'penalties': 0, 'turnitin': 0, 'contract cheating': 0, 'breach': 0, 'disciplinary': 0, 'sanction': 0, 'sanctions': 0, 'suspicious': 0, 'investigation': 0, 'academic integrity': 0, 'collusion': 0, 'unfair': 0, 'cheat': 0, 'cheating': 0, 'detect': 0, 'detected': 0, 'offence': 0, 'offences': 0, 'punishment': 0, 'prohibit': 0, 'prohibited': 0, 'violation': 0, 'unauthorised': 0, 'unauthorized': 0, 'declare': 0, 'declaration': 0, 'disclose': 0, 'not permitted': 0, 'not allowed': 0, 'zero tolerance': 0}","{'literacy': 0, 'critical thinking': 2, 'pedagogy': 0, 'skill': 0, 'skills': 1, 'curriculum': 0, 'learning': 1, 'opportunity': 0, 'opportunities': 0, 'creativity': 1, 'creative': 0, 'agency': 0, 'assessment design': 0, 'co-creation': 0, 'student voice': 0, 'dialogue': 0, 'empower': 0, 'develop': 0, 'development': 0, 'competence': 0, 'capability': 0, 'ethical': 1, 'ethics': 1, 'responsible': 0, 'responsibility': 0, 'reflection': 1, 'reflective': 0, 'critical': 2, 'evaluate': 0, 'understand': 1, 'understanding': 0, 'engage': 0, 'engagement': 0, 'support': 0, 'guidance': 4, 'learn': 1, 'teach': 0, 'teaching': 0, 'practice': 1, 'practices': 0, 'digital literacy': 0, 'information literacy': 0, 'media literacy': 0}",0.05555555555555555,Education-dominant
University of Sussex,Pre-1992,England,3634,30,80,8.26,22.01,"{'plagiarism': 3, 'detection': 0, 'misconduct': 13, 'penalty': 0, 'penalties': 0, 'turnitin': 0, 'contract cheating': 0, 'breach': 1, 'disciplinary': 0, 'sanction': 0, 'sanctions': 0, 'suspicious': 0, 'investigation': 0, 'academic integrity': 6, 'collusion': 1, 'unfair': 1, 'cheat': 0, 'cheating': 0, 'detect': 0, 'detected': 0, 'offence': 0, 'offences': 0, 'punishment': 0, 'prohibit': 0, 'prohibited': 0, 'violation': 0, 'unauthorised': 2, 'unauthorized': 0, 'declare': 0, 'declaration': 0, 'disclose': 0, 'not permitted': 3, 'not allowed': 0, 'zero tolerance': 0}","{'literacy': 0, 'critical thinking': 5, 'pedagogy': 0, 'skill': 0, 'skills': 13, 'curriculum': 0, 'learning': 7, 'opportunity': 0, 'opportunities': 0, 'creativity': 0, 'creative': 0, 'agency': 0, 'assessment design': 0, 'co-creation': 0, 'student voice': 0, 'dialogue': 0, 'empower': 0, 'develop': 3, 'development': 1, 'competence': 0, 'capability': 0, 'ethical': 1, 'ethics': 1, 'responsible': 2, 'responsibility': 0, 'reflection': 0, 'reflective': 1, 'critical': 6, 'evaluate': 3, 'understand': 2, 'understanding': 4, 'engage': 1, 'engagement': 0, 'support': 16, 'guidance': 12, 'learn': 2, 'teach': 0, 'teaching': 0, 'practice': 0, 'practices': 0, 'digital literacy': 0, 'information literacy': 0, 'media literacy': 0}",0.2727272727272727,Education-dominant
University of East Anglia,Pre-1992,England,5819,33,171,5.67,29.39,"{'plagiarism': 6, 'detection': 6, 'misconduct': 1, 'penalty': 0, 'penalties': 0, 'turnitin': 2, 'contract cheating': 2, 'breach': 0, 'disciplinary': 0, 'sanction': 0, 'sanctions': 0, 'suspicious': 0, 'investigation': 3, 'academic integrity': 2, 'collusion': 3, 'unfair': 0, 'cheat': 0, 'cheating': 2, 'detect': 1, 'detected': 0, 'offence': 0, 'offences': 0, 'punishment': 0, 'prohibit': 1, 'prohibited': 0, 'violation': 0, 'unauthorised': 0, 'unauthorized': 0, 'declare': 0, 'declaration': 2, 'disclose': 1, 'not permitted': 0, 'not allowed': 1, 'zero tolerance': 0}","{'literacy': 1, 'critical thinking': 3, 'pedagogy': 1, 'skill': 3, 'skills': 9, 'curriculum': 0, 'learning': 25, 'opportunity': 0, 'opportunities': 7, 'creativity': 0, 'creative': 2, 'agency': 0, 'assessment design': 7, 'co-creation': 0, 'student voice': 0, 'dialogue': 0, 'empower': 0, 'develop': 6, 'development': 8, 'competence': 0, 'capability': 0, 'ethical': 3, 'ethics': 2, 'responsible': 0, 'responsibility': 0, 'reflection': 2, 'reflective': 0, 'critical': 5, 'evaluate': 4, 'understand': 2, 'understanding': 14, 'engage': 1, 'engagement': 1, 'support': 18, 'guidance': 20, 'learn': 1, 'teach': 0, 'teaching': 18, 'practice': 6, 'practices': 1, 'digital literacy': 1, 'information literacy': 0, 'media literacy': 0}",0.16176470588235295,Education-dominant
University of York,Russell Group,England,2316,16,66,6.91,28.5,"{'plagiarism': 0, 'detection': 0, 'misconduct': 12, 'penalty': 0, 'penalties': 0, 'turnitin': 0, 'contract cheating': 0, 'breach': 0, 'disciplinary': 0, 'sanction': 0, 'sanctions': 0, 'suspicious': 0, 'investigation': 0, 'academic integrity': 0, 'collusion': 0, 'unfair': 0, 'cheat': 0, 'cheating': 0, 'detect': 0, 'detected': 0, 'offence': 1, 'offences': 0, 'punishment': 0, 'prohibit': 1, 'prohibited': 1, 'violation': 0, 'unauthorised': 1, 'unauthorized': 0, 'declare': 0, 'declaration': 0, 'disclose': 0, 'not permitted': 0, 'not allowed': 0, 'zero tolerance': 0}","{'literacy': 1, 'critical thinking': 1, 'pedagogy': 0, 'skill': 1, 'skills': 2, 'curriculum': 0, 'learning': 13, 'opportunity': 1, 'opportunities': 0, 'creativity': 0, 'creative': 0, 'agency': 0, 'assessment design': 0, 'co-creation': 0, 'student voice': 0, 'dialogue': 0, 'empower': 0, 'develop': 1, 'development': 1, 'competence': 0, 'capability': 0, 'ethical': 2, 'ethics': 1, 'responsible': 0, 'responsibility': 0, 'reflection': 0, 'reflective': 0, 'critical': 5, 'evaluate': 0, 'understand': 2, 'understanding': 10, 'engage': 1, 'engagement': 4, 'support': 6, 'guidance': 7, 'learn': 4, 'teach': 0, 'teaching': 1, 'practice': 0, 'practices': 1, 'digital literacy': 1, 'information literacy': 0, 'media literacy': 0}",0.1951219512195122,Education-dominant
University of Warwick,Russell Group,England,1218,17,27,13.96,22.17,"{'plagiarism': 0, 'detection': 0, 'misconduct': 3, 'penalty': 0, 'penalties': 0, 'turnitin': 0, 'contract cheating': 0, 'breach': 0, 'disciplinary': 0, 'sanction': 0, 'sanctions': 0, 'suspicious': 0, 'investigation': 0, 'academic integrity': 10, 'collusion': 0, 'unfair': 0, 'cheat': 0, 'cheating': 0, 'detect': 0, 'detected': 0, 'offence': 0, 'offences': 0, 'punishment': 0, 'prohibit': 1, 'prohibited': 0, 'violation': 0, 'unauthorised': 0, 'unauthorized': 0, 'declare': 3, 'declaration': 0, 'disclose': 0, 'not permitted': 0, 'not allowed': 0, 'zero tolerance': 0}","{'literacy': 0, 'critical thinking': 1, 'pedagogy': 0, 'skill': 0, 'skills': 4, 'curriculum': 0, 'learning': 1, 'opportunity': 0, 'opportunities': 0, 'creativity': 0, 'creative': 0, 'agency': 0, 'assessment design': 0, 'co-creation': 0, 'student voice': 0, 'dialogue': 0, 'empower': 0, 'develop': 0, 'development': 0, 'competence': 0, 'capability': 0, 'ethical': 0, 'ethics': 0, 'responsible': 0, 'responsibility': 0, 'reflection': 0, 'reflective': 0, 'critical': 1, 'evaluate': 2, 'understand': 5, 'understanding': 1, 'engage': 0, 'engagement': 0, 'support': 8, 'guidance': 3, 'learn': 1, 'teach': 0, 'teaching': 0, 'practice': 0, 'practices': 0, 'digital literacy': 0, 'information literacy': 0, 'media literacy': 0}",0.38636363636363635,Education-dominant
University of Kent,Pre-1992,England,224,1,13,4.46,58.04,"{'plagiarism': 0, 'detection': 0, 'misconduct': 0, 'penalty': 0, 'penalties': 0, 'turnitin': 0, 'contract cheating': 0, 'breach': 0, 'disciplinary': 0, 'sanction': 0, 'sanctions': 0, 'suspicious': 0, 'investigation': 0, 'academic integrity': 1, 'collusion': 0, 'unfair': 0, 'cheat': 0, 'cheating': 0, 'detect': 0, 'detected': 0, 'offence': 0, 'offences': 0, 'punishment': 0, 'prohibit': 0, 'prohibited': 0, 'violation': 0, 'unauthorised': 0, 'unauthorized': 0, 'declare': 0, 'declaration': 0, 'disclose': 0, 'not permitted': 0, 'not allowed': 0, 'zero tolerance': 0}","{'literacy': 0, 'critical thinking': 0, 'pedagogy': 0, 'skill': 0, 'skills': 0, 'curriculum': 0, 'learning': 1, 'opportunity': 0, 'opportunities': 0, 'creativity': 0, 'creative': 0, 'agency': 0, 'assessment design': 0, 'co-creation': 0, 'student voice': 0, 'dialogue': 0, 'empower': 0, 'develop': 0, 'development': 0, 'competence': 0, 'capability': 0, 'ethical': 1, 'ethics': 0, 'responsible': 0, 'responsibility': 0, 'reflection': 0, 'reflective': 0, 'critical': 0, 'evaluate': 0, 'understand': 1, 'understanding': 0, 'engage': 0, 'engagement': 0, 'support': 3, 'guidance': 5, 'learn': 2, 'teach': 0, 'teaching': 0, 'practice': 0, 'practices': 0, 'digital literacy': 0, 'information literacy': 0, 'media literacy': 0}",0.07142857142857142,Education-dominant
University of Bath,Pre-1992,England,466,10,18,21.46,38.63,"{'plagiarism': 1, 'detection': 0, 'misconduct': 0, 'penalty': 0, 'penalties': 0, 'turnitin': 0, 'contract cheating': 0, 'breach': 0, 'disciplinary': 0, 'sanction': 0, 'sanctions': 0, 'suspicious': 0, 'investigation': 0, 'academic integrity': 9, 'collusion': 0, 'unfair': 0, 'cheat': 0, 'cheating': 0, 'detect': 0, 'detected': 0, 'offence': 0, 'offences': 0, 'punishment': 0, 'prohibit': 0, 'prohibited': 0, 'violation': 0, 'unauthorised': 0, 'unauthorized': 0, 'declare': 0, 'declaration': 0, 'disclose': 0, 'not permitted': 0, 'not allowed': 0, 'zero tolerance': 0}","{'literacy': 1, 'critical thinking': 1, 'pedagogy': 0, 'skill': 1, 'skills': 3, 'curriculum': 0, 'learning': 2, 'opportunity': 0, 'opportunities': 0, 'creativity': 0, 'creative': 0, 'agency': 0, 'assessment design': 0, 'co-creation': 0, 'student voice': 0, 'dialogue': 0, 'empower': 0, 'develop': 0, 'development': 0, 'competence': 0, 'capability': 0, 'ethical': 2, 'ethics': 0, 'responsible': 0, 'responsibility': 0, 'reflection': 0, 'reflective': 0, 'critical': 1, 'evaluate': 0, 'understand': 0, 'understanding': 1, 'engage': 0, 'engagement': 0, 'support': 3, 'guidance': 2, 'learn': 0, 'teach': 0, 'teaching': 1, 'practice': 0, 'practices': 0, 'digital literacy': 0, 'information literacy': 0, 'media literacy': 0}",0.35714285714285715,Education-dominant
University of Surrey,Pre-1992,England,210,1,13,4.76,61.9,"{'plagiarism': 0, 'detection': 0, 'misconduct': 0, 'penalty': 0, 'penalties': 0, 'turnitin': 1, 'contract cheating': 0, 'breach': 0, 'disciplinary': 0, 'sanction': 0, 'sanctions': 0, 'suspicious': 0, 'investigation': 0, 'academic integrity': 0, 'collusion': 0, 'unfair': 0, 'cheat': 0, 'cheating': 0, 'detect': 0, 'detected': 0, 'offence': 0, 'offences': 0, 'punishment': 0, 'prohibit': 0, 'prohibited': 0, 'violation': 0, 'unauthorised': 0, 'unauthorized': 0, 'declare': 0, 'declaration': 0, 'disclose': 0, 'not permitted': 0, 'not allowed': 0, 'zero tolerance': 0}","{'literacy': 0, 'critical thinking': 0, 'pedagogy': 0, 'skill': 0, 'skills': 6, 'curriculum': 0, 'learning': 0, 'opportunity': 0, 'opportunities': 0, 'creativity': 0, 'creative': 0, 'agency': 0, 'assessment design': 0, 'co-creation': 0, 'student voice': 0, 'dialogue': 0, 'empower': 0, 'develop': 0, 'development': 3, 'competence': 0, 'capability': 0, 'ethical': 0, 'ethics': 0, 'responsible': 1, 'responsibility': 0, 'reflection': 0, 'reflective': 0, 'critical': 0, 'evaluate': 0, 'understand': 0, 'understanding': 0, 'engage': 0, 'engagement': 0, 'support': 3, 'guidance': 0, 'learn': 0, 'teach': 0, 'teaching': 0, 'practice': 0, 'practices': 0, 'digital literacy': 0, 'information literacy': 0, 'media literacy': 0}",0.07142857142857142,Education-dominant
Aston University,Pre-1992,England,486,1,16,2.06,32.92,"{'plagiarism': 0, 'detection': 0, 'misconduct': 0, 'penalty': 0, 'penalties': 0, 'turnitin': 0, 'contract cheating': 0, 'breach': 0, 'disciplinary': 1, 'sanction': 0, 'sanctions': 0, 'suspicious': 0, 'investigation': 0, 'academic integrity': 0, 'collusion': 0, 'unfair': 0, 'cheat': 0, 'cheating': 0, 'detect': 0, 'detected': 0, 'offence': 0, 'offences': 0, 'punishment': 0, 'prohibit': 0, 'prohibited': 0, 'violation': 0, 'unauthorised': 0, 'unauthorized': 0, 'declare': 0, 'declaration': 0, 'disclose': 0, 'not permitted': 0, 'not allowed': 0, 'zero tolerance': 0}","{'literacy': 0, 'critical thinking': 0, 'pedagogy': 0, 'skill': 0, 'skills': 1, 'curriculum': 0, 'learning': 6, 'opportunity': 0, 'opportunities': 0, 'creativity': 0, 'creative': 0, 'agency': 0, 'assessment design': 0, 'co-creation': 0, 'student voice': 0, 'dialogue': 0, 'empower': 0, 'develop': 0, 'development': 0, 'competence': 0, 'capability': 0, 'ethical': 0, 'ethics': 1, 'responsible': 2, 'responsibility': 0, 'reflection': 0, 'reflective': 0, 'critical': 0, 'evaluate': 0, 'understand': 0, 'understanding': 0, 'engage': 0, 'engagement': 1, 'support': 0, 'guidance': 3, 'learn': 0, 'teach': 0, 'teaching': 1, 'practice': 1, 'practices': 0, 'digital literacy': 0, 'information literacy': 0, 'media literacy': 0}",0.058823529411764705,Education-dominant
Loughborough University,Pre-1992,England,848,8,14,9.43,16.51,"{'plagiarism': 0, 'detection': 0, 'misconduct': 3, 'penalty': 0, 'penalties': 0, 'turnitin': 0, 'contract cheating': 0, 'breach': 0, 'disciplinary': 0, 'sanction': 0, 'sanctions': 0, 'suspicious': 0, 'investigation': 0, 'academic integrity': 4, 'collusion': 0, 'unfair': 0, 'cheat': 0, 'cheating': 0, 'detect': 0, 'detected': 0, 'offence': 0, 'offences': 0, 'punishment': 0, 'prohibit': 0, 'prohibited': 0, 'violation': 0, 'unauthorised': 0, 'unauthorized': 0, 'declare': 0, 'declaration': 1, 'disclose': 0, 'not permitted': 0, 'not allowed': 0, 'zero tolerance': 0}","{'literacy': 0, 'critical thinking': 0, 'pedagogy': 0, 'skill': 0, 'skills': 1, 'curriculum': 0, 'learning': 0, 'opportunity': 0, 'opportunities': 0, 'creativity': 0, 'creative': 0, 'agency': 0, 'assessment design': 0, 'co-creation': 0, 'student voice': 0, 'dialogue': 0, 'empower': 0, 'develop': 1, 'development': 0, 'competence': 0, 'capability': 0, 'ethical': 1, 'ethics': 0, 'responsible': 0, 'responsibility': 1, 'reflection': 0, 'reflective': 0, 'critical': 0, 'evaluate': 0, 'understand': 0, 'understanding': 0, 'engage': 1, 'engagement': 0, 'support': 1, 'guidance': 6, 'learn': 0, 'teach': 0, 'teaching': 0, 'practice': 2, 'practices': 0, 'digital literacy': 0, 'information literacy': 0, 'media literacy': 0}",0.36363636363636365,Education-dominant
University of Salford,Pre-1992,England,481,2,7,4.16,14.55,"{'plagiarism': 0, 'detection': 0, 'misconduct': 1, 'penalty': 0, 'penalties': 0, 'turnitin': 0, 'contract cheating': 0, 'breach': 1, 'disciplinary': 0, 'sanction': 0, 'sanctions': 0, 'suspicious': 0, 'investigation': 0, 'academic integrity': 0, 'collusion': 0, 'unfair': 0, 'cheat': 0, 'cheating': 0, 'detect': 0, 'detected': 0, 'offence': 0, 'offences': 0, 'punishment': 0, 'prohibit': 0, 'prohibited': 0, 'violation': 0, 'unauthorised': 0, 'unauthorized': 0, 'declare': 0, 'declaration': 0, 'disclose': 0, 'not permitted': 0, 'not allowed': 0, 'zero tolerance': 0}","{'literacy': 0, 'critical thinking': 0, 'pedagogy': 0, 'skill': 0, 'skills': 2, 'curriculum': 0, 'learning': 0, 'opportunity': 0, 'opportunities': 0, 'creativity': 0, 'creative': 0, 'agency': 0, 'assessment design': 0, 'co-creation': 0, 'student voice': 0, 'dialogue': 0, 'empower': 0, 'develop': 0, 'development': 0, 'competence': 0, 'capability': 0, 'ethical': 0, 'ethics': 0, 'responsible': 0, 'responsibility': 0, 'reflection': 0, 'reflective': 0, 'critical': 0, 'evaluate': 0, 'understand': 1, 'understanding': 0, 'engage': 0, 'engagement': 0, 'support': 1, 'guidance': 3, 'learn': 0, 'teach': 0, 'teaching': 0, 'practice': 0, 'practices': 0, 'digital literacy': 0, 'information literacy': 0, 'media literacy': 0}",0.2222222222222222,Education-dominant
University of Strathclyde,Pre-1992,Scotland,1574,8,46,5.08,29.22,"{'plagiarism': 0, 'detection': 0, 'misconduct': 2, 'penalty': 0, 'penalties': 1, 'turnitin': 0, 'contract cheating': 0, 'breach': 0, 'disciplinary': 0, 'sanction': 0, 'sanctions': 0, 'suspicious': 0, 'investigation': 0, 'academic integrity': 2, 'collusion': 0, 'unfair': 0, 'cheat': 0, 'cheating': 1, 'detect': 0, 'detected': 0, 'offence': 0, 'offences': 0, 'punishment': 0, 'prohibit': 0, 'prohibited': 1, 'violation': 0, 'unauthorised': 0, 'unauthorized': 0, 'declare': 0, 'declaration': 0, 'disclose': 0, 'not permitted': 1, 'not allowed': 0, 'zero tolerance': 0}","{'literacy': 0, 'critical thinking': 1, 'pedagogy': 0, 'skill': 0, 'skills': 0, 'curriculum': 0, 'learning': 12, 'opportunity': 0, 'opportunities': 0, 'creativity': 0, 'creative': 0, 'agency': 0, 'assessment design': 0, 'co-creation': 0, 'student voice': 0, 'dialogue': 0, 'empower': 0, 'develop': 1, 'development': 2, 'competence': 0, 'capability': 0, 'ethical': 3, 'ethics': 0, 'responsible': 0, 'responsibility': 0, 'reflection': 0, 'reflective': 0, 'critical': 2, 'evaluate': 1, 'understand': 2, 'understanding': 1, 'engage': 0, 'engagement': 0, 'support': 3, 'guidance': 15, 'learn': 2, 'teach': 0, 'teaching': 1, 'practice': 0, 'practices': 0, 'digital literacy': 0, 'information literacy': 0, 'media literacy': 0}",0.14814814814814814,Education-dominant
Heriot-Watt University,Pre-1992,Scotland,1525,15,37,9.84,24.26,"{'plagiarism': 2, 'detection': 2, 'misconduct': 2, 'penalty': 0, 'penalties': 0, 'turnitin': 0, 'contract cheating': 0, 'breach': 1, 'disciplinary': 0, 'sanction': 0, 'sanctions': 0, 'suspicious': 0, 'investigation': 0, 'academic integrity': 8, 'collusion': 0, 'unfair': 0, 'cheat': 0, 'cheating': 0, 'detect': 0, 'detected': 0, 'offence': 0, 'offences': 0, 'punishment': 0, 'prohibit': 0, 'prohibited': 0, 'violation': 0, 'unauthorised': 0, 'unauthorized': 0, 'declare': 0, 'declaration': 0, 'disclose': 0, 'not permitted': 0, 'not allowed': 0, 'zero tolerance': 0}","{'literacy': 0, 'critical thinking': 0, 'pedagogy': 0, 'skill': 0, 'skills': 2, 'curriculum': 0, 'learning': 5, 'opportunity': 0, 'opportunities': 1, 'creativity': 0, 'creative': 0, 'agency': 0, 'assessment design': 0, 'co-creation': 0, 'student voice': 0, 'dialogue': 0, 'empower': 0, 'develop': 4, 'development': 0, 'competence': 0, 'capability': 0, 'ethical': 0, 'ethics': 0, 'responsible': 0, 'responsibility': 1, 'reflection': 0, 'reflective': 0, 'critical': 2, 'evaluate': 1, 'understand': 0, 'understanding': 2, 'engage': 1, 'engagement': 0, 'support': 5, 'guidance': 9, 'learn': 0, 'teach': 0, 'teaching': 3, 'practice': 1, 'practices': 0, 'digital literacy': 0, 'information literacy': 0, 'media literacy': 0}",0.28846153846153844,Education-dominant
University of Stirling,Pre-1992,Scotland,984,1,27,1.02,27.44,"{'plagiarism': 0, 'detection': 0, 'misconduct': 0, 'penalty': 0, 'penalties': 0, 'turnitin': 0, 'contract cheating': 0, 'breach': 0, 'disciplinary': 0, 'sanction': 0, 'sanctions': 0, 'suspicious': 0, 'investigation': 0, 'academic integrity': 1, 'collusion': 0, 'unfair': 0, 'cheat': 0, 'cheating': 0, 'detect': 0, 'detected': 0, 'offence': 0, 'offences': 0, 'punishment': 0, 'prohibit': 0, 'prohibited': 0, 'violation': 0, 'unauthorised': 0, 'unauthorized': 0, 'declare': 0, 'declaration': 0, 'disclose': 0, 'not permitted': 0, 'not allowed': 0, 'zero tolerance': 0}","{'literacy': 0, 'critical thinking': 1, 'pedagogy': 0, 'skill': 0, 'skills': 2, 'curriculum': 0, 'learning': 3, 'opportunity': 0, 'opportunities': 0, 'creativity': 0, 'creative': 0, 'agency': 0, 'assessment design': 0, 'co-creation': 0, 'student voice': 0, 'dialogue': 0, 'empower': 0, 'develop': 2, 'development': 1, 'competence': 0, 'capability': 0, 'ethical': 0, 'ethics': 0, 'responsible': 0, 'responsibility': 0, 'reflection': 0, 'reflective': 0, 'critical': 1, 'evaluate': 2, 'understand': 2, 'understanding': 3, 'engage': 0, 'engagement': 1, 'support': 2, 'guidance': 1, 'learn': 0, 'teach': 0, 'teaching': 1, 'practice': 1, 'practices': 4, 'digital literacy': 0, 'information literacy': 0, 'media literacy': 0}",0.03571428571428571,Education-dominant
University College London,Russell Group,England,697,13,15,18.65,21.52,"{'plagiarism': 3, 'detection': 0, 'misconduct': 2, 'penalty': 0, 'penalties': 0, 'turnitin': 0, 'contract cheating': 0, 'breach': 0, 'disciplinary': 0, 'sanction': 0, 'sanctions': 0, 'suspicious': 0, 'investigation': 0, 'academic integrity': 2, 'collusion': 1, 'unfair': 3, 'cheat': 0, 'cheating': 0, 'detect': 0, 'detected': 0, 'offence': 0, 'offences': 0, 'punishment': 0, 'prohibit': 1, 'prohibited': 1, 'violation': 0, 'unauthorised': 0, 'unauthorized': 0, 'declare': 0, 'declaration': 0, 'disclose': 0, 'not permitted': 0, 'not allowed': 0, 'zero tolerance': 0}","{'literacy': 0, 'critical thinking': 0, 'pedagogy': 0, 'skill': 0, 'skills': 3, 'curriculum': 0, 'learning': 2, 'opportunity': 0, 'opportunities': 0, 'creativity': 0, 'creative': 0, 'agency': 0, 'assessment design': 0, 'co-creation': 0, 'student voice': 0, 'dialogue': 0, 'empower': 0, 'develop': 0, 'development': 0, 'competence': 0, 'capability': 0, 'ethical': 1, 'ethics': 0, 'responsible': 0, 'responsibility': 0, 'reflection': 0, 'reflective': 0, 'critical': 1, 'evaluate': 0, 'understand': 0, 'understanding': 0, 'engage': 1, 'engagement': 1, 'support': 1, 'guidance': 4, 'learn': 0, 'teach': 0, 'teaching': 1, 'practice': 0, 'practices': 0, 'digital literacy': 0, 'information literacy': 0, 'media literacy': 0}",0.4642857142857143,Balanced
King's College London,Russell Group,England,2309,21,58,9.09,25.12,"{'plagiarism': 0, 'detection': 0, 'misconduct': 6, 'penalty': 0, 'penalties': 1, 'turnitin': 0, 'contract cheating': 0, 'breach': 2, 'disciplinary': 0, 'sanction': 0, 'sanctions': 0, 'suspicious': 0, 'investigation': 0, 'academic integrity': 8, 'collusion': 0, 'unfair': 0, 'cheat': 0, 'cheating': 0, 'detect': 0, 'detected': 0, 'offence': 0, 'offences': 0, 'punishment': 0, 'prohibit': 0, 'prohibited': 0, 'violation': 0, 'unauthorised': 0, 'unauthorized': 0, 'declare': 2, 'declaration': 2, 'disclose': 0, 'not permitted': 0, 'not allowed': 0, 'zero tolerance': 0}","{'literacy': 1, 'critical thinking': 0, 'pedagogy': 0, 'skill': 1, 'skills': 4, 'curriculum': 0, 'learning': 5, 'opportunity': 1, 'opportunities': 0, 'creativity': 2, 'creative': 0, 'agency': 0, 'assessment design': 0, 'co-creation': 0, 'student voice': 0, 'dialogue': 0, 'empower': 0, 'develop': 2, 'development': 1, 'competence': 0, 'capability': 0, 'ethical': 2, 'ethics': 0, 'responsible': 0, 'responsibility': 0, 'reflection': 0, 'reflective': 0, 'critical': 2, 'evaluate': 0, 'understand': 3, 'understanding': 2, 'engage': 1, 'engagement': 1, 'support': 8, 'guidance': 11, 'learn': 3, 'teach': 0, 'teaching': 4, 'practice': 4, 'practices': 0, 'digital literacy': 0, 'information literacy': 0, 'media literacy': 0}",0.26582278481012656,Education-dominant
Imperial College London,Russell Group,England,456,0,19,0.0,41.67,"{'plagiarism': 0, 'detection': 0, 'misconduct': 0, 'penalty': 0, 'penalties': 0, 'turnitin': 0, 'contract cheating': 0, 'breach': 0, 'disciplinary': 0, 'sanction': 0, 'sanctions': 0, 'suspicious': 0, 'investigation': 0, 'academic integrity': 0, 'collusion': 0, 'unfair': 0, 'cheat': 0, 'cheating': 0, 'detect': 0, 'detected': 0, 'offence': 0, 'offences': 0, 'punishment': 0, 'prohibit': 0, 'prohibited': 0, 'violation': 0, 'unauthorised': 0, 'unauthorized': 0, 'declare': 0, 'declaration': 0, 'disclose': 0, 'not permitted': 0, 'not allowed': 0, 'zero tolerance': 0}","{'literacy': 0, 'critical thinking': 0, 'pedagogy': 0, 'skill': 0, 'skills': 0, 'curriculum': 0, 'learning': 2, 'opportunity': 0, 'opportunities': 2, 'creativity': 0, 'creative': 0, 'agency': 0, 'assessment design': 0, 'co-creation': 0, 'student voice': 0, 'dialogue': 0, 'empower': 0, 'develop': 1, 'development': 0, 'competence': 0, 'capability': 0, 'ethical': 0, 'ethics': 0, 'responsible': 0, 'responsibility': 0, 'reflection': 0, 'reflective': 0, 'critical': 0, 'evaluate': 0, 'understand': 0, 'understanding': 0, 'engage': 0, 'engagement': 0, 'support': 3, 'guidance': 8, 'learn': 0, 'teach': 0, 'teaching': 3, 'practice': 0, 'practices': 0, 'digital literacy': 0, 'information literacy': 0, 'media literacy': 0}",0.0,Education-dominant
London School of Economics and Political Science,Russell Group,England,1975,13,50,6.58,25.32,"{'plagiarism': 0, 'detection': 0, 'misconduct': 4, 'penalty': 1, 'penalties': 0, 'turnitin': 0, 'contract cheating': 0, 'breach': 0, 'disciplinary': 2, 'sanction': 0, 'sanctions': 0, 'suspicious': 0, 'investigation': 0, 'academic integrity': 3, 'collusion': 0, 'unfair': 1, 'cheat': 0, 'cheating': 0, 'detect': 0, 'detected': 0, 'offence': 0, 'offences': 0, 'punishment': 0, 'prohibit': 0, 'prohibited': 0, 'violation': 0, 'unauthorised': 2, 'unauthorized': 0, 'declare': 0, 'declaration': 0, 'disclose': 0, 'not permitted': 0, 'not allowed': 0, 'zero tolerance': 0}","{'literacy': 1, 'critical thinking': 0, 'pedagogy': 0, 'skill': 0, 'skills': 7, 'curriculum': 2, 'learning': 9, 'opportunity': 0, 'opportunities': 1, 'creativity': 0, 'creative': 0, 'agency': 0, 'assessment design': 0, 'co-creation': 0, 'student voice': 0, 'dialogue': 1, 'empower': 0, 'develop': 1, 'development': 6, 'competence': 0, 'capability': 0, 'ethical': 0, 'ethics': 0, 'responsible': 0, 'responsibility': 0, 'reflection': 1, 'reflective': 2, 'critical': 2, 'evaluate': 0, 'understand': 0, 'understanding': 0, 'engage': 1, 'engagement': 1, 'support': 3, 'guidance': 5, 'learn': 0, 'teach': 0, 'teaching': 3, 'practice': 3, 'practices': 1, 'digital literacy': 0, 'information literacy': 0, 'media literacy': 0}",0.20634920634920634,Education-dominant
Queen Mary University of London,Russell Group,England,1523,5,38,3.28,24.95,"{'plagiarism': 0, 'detection': 0, 'misconduct': 1, 'penalty': 0, 'penalties': 0, 'turnitin': 0, 'contract cheating': 0, 'breach': 0, 'disciplinary': 1, 'sanction': 0, 'sanctions': 0, 'suspicious': 0, 'investigation': 0, 'academic integrity': 3, 'collusion': 0, 'unfair': 0, 'cheat': 0, 'cheating': 0, 'detect': 0, 'detected': 0, 'offence': 0, 'offences': 0, 'punishment': 0, 'prohibit': 0, 'prohibited': 0, 'violation': 0, 'unauthorised': 0, 'unauthorized': 0, 'declare': 0, 'declaration': 0, 'disclose': 0, 'not permitted': 0, 'not allowed': 0, 'zero tolerance': 0}","{'literacy': 1, 'critical thinking': 0, 'pedagogy': 0, 'skill': 0, 'skills': 3, 'curriculum': 0, 'learning': 6, 'opportunity': 0, 'opportunities': 1, 'creativity': 0, 'creative': 0, 'agency': 0, 'assessment design': 0, 'co-creation': 0, 'student voice': 0, 'dialogue': 0, 'empower': 0, 'develop': 1, 'development': 1, 'competence': 0, 'capability': 0, 'ethical': 5, 'ethics': 0, 'responsible': 0, 'responsibility': 1, 'reflection': 0, 'reflective': 0, 'critical': 2, 'evaluate': 3, 'understand': 1, 'understanding': 1, 'engage': 1, 'engagement': 0, 'support': 2, 'guidance': 3, 'learn': 2, 'teach': 0, 'teaching': 1, 'practice': 2, 'practices': 0, 'digital literacy': 0, 'information literacy': 1, 'media literacy': 0}",0.11627906976744186,Education-dominant
SOAS University of London,Pre-1992,England,1687,12,75,7.11,44.46,"{'plagiarism': 3, 'detection': 1, 'misconduct': 0, 'penalty': 0, 'penalties': 0, 'turnitin': 5, 'contract cheating': 0, 'breach': 0, 'disciplinary': 0, 'sanction': 0, 'sanctions': 0, 'suspicious': 0, 'investigation': 0, 'academic integrity': 0, 'collusion': 0, 'unfair': 0, 'cheat': 0, 'cheating': 1, 'detect': 2, 'detected': 0, 'offence': 0, 'offences': 0, 'punishment': 0, 'prohibit': 0, 'prohibited': 0, 'violation': 0, 'unauthorised': 0, 'unauthorized': 0, 'declare': 0, 'declaration': 0, 'disclose': 0, 'not permitted': 0, 'not allowed': 0, 'zero tolerance': 0}","{'literacy': 0, 'critical thinking': 0, 'pedagogy': 0, 'skill': 0, 'skills': 8, 'curriculum': 0, 'learning': 15, 'opportunity': 0, 'opportunities': 0, 'creativity': 0, 'creative': 1, 'agency': 0, 'assessment design': 0, 'co-creation': 0, 'student voice': 0, 'dialogue': 0, 'empower': 0, 'develop': 5, 'development': 2, 'competence': 0, 'capability': 0, 'ethical': 1, 'ethics': 0, 'responsible': 0, 'responsibility': 0, 'reflection': 0, 'reflective': 0, 'critical': 1, 'evaluate': 1, 'understand': 6, 'understanding': 8, 'engage': 1, 'engagement': 0, 'support': 18, 'guidance': 3, 'learn': 2, 'teach': 1, 'teaching': 0, 'practice': 2, 'practices': 0, 'digital literacy': 0, 'information literacy': 0, 'media literacy': 0}",0.13793103448275862,Education-dominant
Goldsmiths University of London,Pre-1992,England,5218,31,71,5.94,13.61,"{'plagiarism': 2, 'detection': 0, 'misconduct': 8, 'penalty': 7, 'penalties': 5, 'turnitin': 0, 'contract cheating': 0, 'breach': 0, 'disciplinary': 1, 'sanction': 0, 'sanctions': 0, 'suspicious': 0, 'investigation': 0, 'academic integrity': 4, 'collusion': 0, 'unfair': 0, 'cheat': 2, 'cheating': 0, 'detect': 0, 'detected': 0, 'offence': 1, 'offences': 0, 'punishment': 0, 'prohibit': 0, 'prohibited': 0, 'violation': 0, 'unauthorised': 0, 'unauthorized': 0, 'declare': 0, 'declaration': 0, 'disclose': 1, 'not permitted': 0, 'not allowed': 0, 'zero tolerance': 0}","{'literacy': 0, 'critical thinking': 0, 'pedagogy': 0, 'skill': 0, 'skills': 0, 'curriculum': 0, 'learning': 26, 'opportunity': 1, 'opportunities': 1, 'creativity': 0, 'creative': 0, 'agency': 0, 'assessment design': 0, 'co-creation': 0, 'student voice': 0, 'dialogue': 0, 'empower': 0, 'develop': 1, 'development': 3, 'competence': 0, 'capability': 0, 'ethical': 1, 'ethics': 0, 'responsible': 11, 'responsibility': 3, 'reflection': 0, 'reflective': 0, 'critical': 0, 'evaluate': 0, 'understand': 0, 'understanding': 0, 'engage': 1, 'engagement': 0, 'support': 4, 'guidance': 5, 'learn': 1, 'teach': 0, 'teaching': 4, 'practice': 7, 'practices': 2, 'digital literacy': 0, 'information literacy': 0, 'media literacy': 0}",0.30392156862745096,Education-dominant
Birkbeck University of London,Pre-1992,England,1854,31,74,16.72,39.91,"{'plagiarism': 3, 'detection': 0, 'misconduct': 11, 'penalty': 0, 'penalties': 0, 'turnitin': 1, 'contract cheating': 1, 'breach': 0, 'disciplinary': 1, 'sanction': 0, 'sanctions': 0, 'suspicious': 0, 'investigation': 0, 'academic integrity': 10, 'collusion': 0, 'unfair': 1, 'cheat': 1, 'cheating': 1, 'detect': 0, 'detected': 0, 'offence': 1, 'offences': 0, 'punishment': 0, 'prohibit': 0, 'prohibited': 0, 'violation': 0, 'unauthorised': 0, 'unauthorized': 0, 'declare': 0, 'declaration': 0, 'disclose': 0, 'not permitted': 0, 'not allowed': 0, 'zero tolerance': 0}","{'literacy': 0, 'critical thinking': 2, 'pedagogy': 0, 'skill': 0, 'skills': 3, 'curriculum': 0, 'learning': 16, 'opportunity': 0, 'opportunities': 1, 'creativity': 0, 'creative': 2, 'agency': 2, 'assessment design': 1, 'co-creation': 0, 'student voice': 0, 'dialogue': 1, 'empower': 0, 'develop': 3, 'development': 4, 'competence': 0, 'capability': 0, 'ethical': 2, 'ethics': 0, 'responsible': 0, 'responsibility': 2, 'reflection': 0, 'reflective': 0, 'critical': 2, 'evaluate': 0, 'understand': 0, 'understanding': 2, 'engage': 0, 'engagement': 1, 'support': 9, 'guidance': 16, 'learn': 1, 'teach': 0, 'teaching': 3, 'practice': 1, 'practices': 0, 'digital literacy': 0, 'information literacy': 0, 'media literacy': 0}",0.29523809523809524,Education-dominant
Cranfield University,Pre-1992,England,166,0,7,0.0,42.17,"{'plagiarism': 0, 'detection': 0, 'misconduct': 0, 'penalty': 0, 'penalties': 0, 'turnitin': 0, 'contract cheating': 0, 'breach': 0, 'disciplinary': 0, 'sanction': 0, 'sanctions': 0, 'suspicious': 0, 'investigation': 0, 'academic integrity': 0, 'collusion': 0, 'unfair': 0, 'cheat': 0, 'cheating': 0, 'detect': 0, 'detected': 0, 'offence': 0, 'offences': 0, 'punishment': 0, 'prohibit': 0, 'prohibited': 0, 'violation': 0, 'unauthorised': 0, 'unauthorized': 0, 'declare': 0, 'declaration': 0, 'disclose': 0, 'not permitted': 0, 'not allowed': 0, 'zero tolerance': 0}","{'literacy': 0, 'critical thinking': 0, 'pedagogy': 0, 'skill': 0, 'skills': 1, 'curriculum': 0, 'learning': 1, 'opportunity': 0, 'opportunities': 0, 'creativity': 0, 'creative': 0, 'agency': 0, 'assessment design': 0, 'co-creation': 0, 'student voice': 0, 'dialogue': 0, 'empower': 0, 'develop': 1, 'development': 0, 'competence': 0, 'capability': 0, 'ethical': 0, 'ethics': 0, 'responsible': 0, 'responsibility': 0, 'reflection': 0, 'reflective': 0, 'critical': 0, 'evaluate': 0, 'understand': 0, 'understanding': 0, 'engage': 0, 'engagement': 0, 'support': 1, 'guidance': 3, 'learn': 0, 'teach': 0, 'teaching': 0, 'practice': 0, 'practices': 0, 'digital literacy': 0, 'information literacy': 0, 'media literacy': 0}",0.0,Education-dominant
Birmingham City University,Post-1992,England,3808,54,45,14.18,11.82,"{'plagiarism': 1, 'detection': 5, 'misconduct': 10, 'penalty': 0, 'penalties': 3, 'turnitin': 11, 'contract cheating': 0, 'breach': 1, 'disciplinary': 0, 'sanction': 0, 'sanctions': 0, 'suspicious': 0, 'investigation': 0, 'academic integrity': 7, 'collusion': 0, 'unfair': 0, 'cheat': 0, 'cheating': 1, 'detect': 1, 'detected': 2, 'offence': 0, 'offences': 0, 'punishment': 0, 'prohibit': 0, 'prohibited': 1, 'violation': 0, 'unauthorised': 2, 'unauthorized': 0, 'declare': 0, 'declaration': 0, 'disclose': 0, 'not permitted': 7, 'not allowed': 2, 'zero tolerance': 0}","{'literacy': 0, 'critical thinking': 2, 'pedagogy': 0, 'skill': 0, 'skills': 7, 'curriculum': 0, 'learning': 3, 'opportunity': 0, 'opportunities': 0, 'creativity': 0, 'creative': 0, 'agency': 0, 'assessment design': 0, 'co-creation': 0, 'student voice': 0, 'dialogue': 0, 'empower': 0, 'develop': 2, 'development': 0, 'competence': 0, 'capability': 0, 'ethical': 0, 'ethics': 0, 'responsible': 0, 'responsibility': 2, 'reflection': 0, 'reflective': 0, 'critical': 2, 'evaluate': 0, 'understand': 5, 'understanding': 7, 'engage': 1, 'engagement': 0, 'support': 9, 'guidance': 1, 'learn': 1, 'teach': 0, 'teaching': 0, 'practice': 3, 'practices': 0, 'digital literacy': 0, 'information literacy': 0, 'media literacy': 0}",0.5454545454545454,Balanced
University of Brighton,Post-1992,England,614,10,10,16.29,16.29,"{'plagiarism': 0, 'detection': 0, 'misconduct': 4, 'penalty': 0, 'penalties': 0, 'turnitin': 0, 'contract cheating': 0, 'breach': 0, 'disciplinary': 0, 'sanction': 0, 'sanctions': 0, 'suspicious': 0, 'investigation': 0, 'academic integrity': 4, 'collusion': 0, 'unfair': 0, 'cheat': 0, 'cheating': 0, 'detect': 0, 'detected': 0, 'offence': 0, 'offences': 0, 'punishment': 0, 'prohibit': 0, 'prohibited': 0, 'violation': 0, 'unauthorised': 0, 'unauthorized': 0, 'declare': 1, 'declaration': 0, 'disclose': 0, 'not permitted': 1, 'not allowed': 0, 'zero tolerance': 0}","{'literacy': 0, 'critical thinking': 0, 'pedagogy': 0, 'skill': 0, 'skills': 1, 'curriculum': 0, 'learning': 1, 'opportunity': 0, 'opportunities': 1, 'creativity': 0, 'creative': 0, 'agency': 0, 'assessment design': 0, 'co-creation': 0, 'student voice': 0, 'dialogue': 0, 'empower': 0, 'develop': 0, 'development': 0, 'competence': 0, 'capability': 0, 'ethical': 1, 'ethics': 0, 'responsible': 0, 'responsibility': 0, 'reflection': 0, 'reflective': 0, 'critical': 0, 'evaluate': 0, 'understand': 1, 'understanding': 1, 'engage': 0, 'engagement': 0, 'support': 2, 'guidance': 1, 'learn': 0, 'teach': 0, 'teaching': 0, 'practice': 0, 'practices': 1, 'digital literacy': 0, 'information literacy': 0, 'media literacy': 0}",0.5,Balanced
Coventry University,Post-1992,England,627,2,25,3.19,39.87,"{'plagiarism': 0, 'detection': 1, 'misconduct': 0, 'penalty': 0, 'penalties': 0, 'turnitin': 0, 'contract cheating': 0, 'breach': 0, 'disciplinary': 0, 'sanction': 0, 'sanctions': 0, 'suspicious': 0, 'investigation': 0, 'academic integrity': 1, 'collusion': 0, 'unfair': 0, 'cheat': 0, 'cheating': 0, 'detect': 0, 'detected': 0, 'offence': 0, 'offences': 0, 'punishment': 0, 'prohibit': 0, 'prohibited': 0, 'violation': 0, 'unauthorised': 0, 'unauthorized': 0, 'declare': 0, 'declaration': 0, 'disclose': 0, 'not permitted': 0, 'not allowed': 0, 'zero tolerance': 0}","{'literacy': 0, 'critical thinking': 1, 'pedagogy': 0, 'skill': 0, 'skills': 1, 'curriculum': 0, 'learning': 1, 'opportunity': 0, 'opportunities': 0, 'creativity': 0, 'creative': 1, 'agency': 0, 'assessment design': 0, 'co-creation': 0, 'student voice': 0, 'dialogue': 0, 'empower': 0, 'develop': 0, 'development': 0, 'competence': 0, 'capability': 0, 'ethical': 0, 'ethics': 0, 'responsible': 0, 'responsibility': 1, 'reflection': 1, 'reflective': 0, 'critical': 1, 'evaluate': 0, 'understand': 0, 'understanding': 2, 'engage': 0, 'engagement': 0, 'support': 3, 'guidance': 9, 'learn': 2, 'teach': 0, 'teaching': 1, 'practice': 1, 'practices': 0, 'digital literacy': 0, 'information literacy': 0, 'media literacy': 0}",0.07407407407407407,Education-dominant
De Montfort University,Post-1992,England,366,4,13,10.93,35.52,"{'plagiarism': 0, 'detection': 0, 'misconduct': 1, 'penalty': 0, 'penalties': 0, 'turnitin': 0, 'contract cheating': 0, 'breach': 0, 'disciplinary': 0, 'sanction': 0, 'sanctions': 0, 'suspicious': 0, 'investigation': 0, 'academic integrity': 3, 'collusion': 0, 'unfair': 0, 'cheat': 0, 'cheating': 0, 'detect': 0, 'detected': 0, 'offence': 0, 'offences': 0, 'punishment': 0, 'prohibit': 0, 'prohibited': 0, 'violation': 0, 'unauthorised': 0, 'unauthorized': 0, 'declare': 0, 'declaration': 0, 'disclose': 0, 'not permitted': 0, 'not allowed': 0, 'zero tolerance': 0}","{'literacy': 0, 'critical thinking': 0, 'pedagogy': 0, 'skill': 0, 'skills': 2, 'curriculum': 0, 'learning': 1, 'opportunity': 0, 'opportunities': 0, 'creativity': 0, 'creative': 0, 'agency': 0, 'assessment design': 0, 'co-creation': 0, 'student voice': 0, 'dialogue': 0, 'empower': 0, 'develop': 1, 'development': 0, 'competence': 0, 'capability': 0, 'ethical': 0, 'ethics': 0, 'responsible': 0, 'responsibility': 0, 'reflection': 0, 'reflective': 0, 'critical': 0, 'evaluate': 0, 'understand': 0, 'understanding': 1, 'engage': 0, 'engagement': 0, 'support': 0, 'guidance': 1, 'learn': 6, 'teach': 0, 'teaching': 0, 'practice': 1, 'practices': 0, 'digital literacy': 0, 'information literacy': 0, 'media literacy': 0}",0.23529411764705882,Education-dominant
University of Greenwich,Post-1992,England,256,3,9,11.72,35.16,"{'plagiarism': 0, 'detection': 0, 'misconduct': 0, 'penalty': 0, 'penalties': 0, 'turnitin': 0, 'contract cheating': 0, 'breach': 0, 'disciplinary': 0, 'sanction': 0, 'sanctions': 0, 'suspicious': 0, 'investigation': 0, 'academic integrity': 2, 'collusion': 0, 'unfair': 0, 'cheat': 0, 'cheating': 0, 'detect': 0, 'detected': 0, 'offence': 0, 'offences': 0, 'punishment': 0, 'prohibit': 0, 'prohibited': 0, 'violation': 0, 'unauthorised': 0, 'unauthorized': 0, 'declare': 0, 'declaration': 1, 'disclose': 0, 'not permitted': 0, 'not allowed': 0, 'zero tolerance': 0}","{'literacy': 0, 'critical thinking': 0, 'pedagogy': 0, 'skill': 0, 'skills': 1, 'curriculum': 0, 'learning': 2, 'opportunity': 0, 'opportunities': 0, 'creativity': 0, 'creative': 0, 'agency': 0, 'assessment design': 0, 'co-creation': 0, 'student voice': 0, 'dialogue': 0, 'empower': 0, 'develop': 0, 'development': 0, 'competence': 0, 'capability': 0, 'ethical': 0, 'ethics': 0, 'responsible': 1, 'responsibility': 0, 'reflection': 0, 'reflective': 0, 'critical': 0, 'evaluate': 0, 'understand': 0, 'understanding': 0, 'engage': 0, 'engagement': 0, 'support': 3, 'guidance': 1, 'learn': 0, 'teach': 0, 'teaching': 1, 'practice': 0, 'practices': 0, 'digital literacy': 0, 'information literacy': 0, 'media literacy': 0}",0.25,Education-dominant
University of Hertfordshire,Post-1992,England,832,6,10,7.21,12.02,"{'plagiarism': 0, 'detection': 0, 'misconduct': 1, 'penalty': 0, 'penalties': 0, 'turnitin': 0, 'contract cheating': 0, 'breach': 0, 'disciplinary': 0, 'sanction': 0, 'sanctions': 0, 'suspicious': 0, 'investigation': 0, 'academic integrity': 3, 'collusion': 0, 'unfair': 0, 'cheat': 0, 'cheating': 0, 'detect': 0, 'detected': 0, 'offence': 0, 'offences': 0, 'punishment': 0, 'prohibit': 0, 'prohibited': 1, 'violation': 0, 'unauthorised': 0, 'unauthorized': 0, 'declare': 0, 'declaration': 0, 'disclose': 0, 'not permitted': 1, 'not allowed': 0, 'zero tolerance': 0}","{'literacy': 0, 'critical thinking': 0, 'pedagogy': 0, 'skill': 0, 'skills': 2, 'curriculum': 0, 'learning': 1, 'opportunity': 0, 'opportunities': 0, 'creativity': 0, 'creative': 0, 'agency': 0, 'assessment design': 0, 'co-creation': 0, 'student voice': 0, 'dialogue': 0, 'empower': 0, 'develop': 0, 'development': 0, 'competence': 0, 'capability': 0, 'ethical': 0, 'ethics': 0, 'responsible': 0, 'responsibility': 0, 'reflection': 0, 'reflective': 0, 'critical': 0, 'evaluate': 0, 'understand': 1, 'understanding': 0, 'engage': 0, 'engagement': 0, 'support': 5, 'guidance': 0, 'learn': 1, 'teach': 0, 'teaching': 0, 'practice': 0, 'practices': 0, 'digital literacy': 0, 'information literacy': 0, 'media literacy': 0}",0.375,Education-dominant
University of Huddersfield,Post-1992,England,662,3,11,4.53,16.62,"{'plagiarism': 0, 'detection': 0, 'misconduct': 1, 'penalty': 0, 'penalties': 0, 'turnitin': 0, 'contract cheating': 0, 'breach': 0, 'disciplinary': 0, 'sanction': 0, 'sanctions': 0, 'suspicious': 0, 'investigation': 0, 'academic integrity': 2, 'collusion': 0, 'unfair': 0, 'cheat': 0, 'cheating': 0, 'detect': 0, 'detected': 0, 'offence': 0, 'offences': 0, 'punishment': 0, 'prohibit': 0, 'prohibited': 0, 'violation': 0, 'unauthorised': 0, 'unauthorized': 0, 'declare': 0, 'declaration': 0, 'disclose': 0, 'not permitted': 0, 'not allowed': 0, 'zero tolerance': 0}","{'literacy': 0, 'critical thinking': 0, 'pedagogy': 0, 'skill': 0, 'skills': 0, 'curriculum': 0, 'learning': 0, 'opportunity': 0, 'opportunities': 1, 'creativity': 0, 'creative': 0, 'agency': 0, 'assessment design': 0, 'co-creation': 0, 'student voice': 0, 'dialogue': 0, 'empower': 0, 'develop': 0, 'development': 0, 'competence': 0, 'capability': 0, 'ethical': 1, 'ethics': 0, 'responsible': 0, 'responsibility': 0, 'reflection': 0, 'reflective': 0, 'critical': 0, 'evaluate': 0, 'understand': 3, 'understanding': 0, 'engage': 0, 'engagement': 0, 'support': 0, 'guidance': 5, 'learn': 1, 'teach': 0, 'teaching': 0, 'practice': 0, 'practices': 0, 'digital literacy': 0, 'information literacy': 0, 'media literacy': 0}",0.21428571428571427,Education-dominant
Leeds Beckett University,Post-1992,England,2604,8,166,3.07,63.75,"{'plagiarism': 0, 'detection': 0, 'misconduct': 0, 'penalty': 0, 'penalties': 0, 'turnitin': 4, 'contract cheating': 0, 'breach': 0, 'disciplinary': 0, 'sanction': 0, 'sanctions': 0, 'suspicious': 0, 'investigation': 0, 'academic integrity': 2, 'collusion': 0, 'unfair': 0, 'cheat': 0, 'cheating': 0, 'detect': 0, 'detected': 0, 'offence': 0, 'offences': 0, 'punishment': 0, 'prohibit': 0, 'prohibited': 0, 'violation': 0, 'unauthorised': 0, 'unauthorized': 0, 'declare': 2, 'declaration': 0, 'disclose': 0, 'not permitted': 0, 'not allowed': 0, 'zero tolerance': 0}","{'literacy': 0, 'critical thinking': 2, 'pedagogy': 0, 'skill': 0, 'skills': 2, 'curriculum': 0, 'learning': 34, 'opportunity': 0, 'opportunities': 2, 'creativity': 0, 'creative': 2, 'agency': 0, 'assessment design': 4, 'co-creation': 0, 'student voice': 0, 'dialogue': 0, 'empower': 0, 'develop': 0, 'development': 2, 'competence': 0, 'capability': 0, 'ethical': 8, 'ethics': 2, 'responsible': 6, 'responsibility': 0, 'reflection': 0, 'reflective': 2, 'critical': 2, 'evaluate': 0, 'understand': 1, 'understanding': 0, 'engage': 2, 'engagement': 4, 'support': 18, 'guidance': 16, 'learn': 10, 'teach': 0, 'teaching': 28, 'practice': 13, 'practices': 6, 'digital literacy': 0, 'information literacy': 0, 'media literacy': 0}",0.04597701149425287,Education-dominant
University of Lincoln,Post-1992,England,423,2,14,4.73,33.1,"{'plagiarism': 0, 'detection': 0, 'misconduct': 0, 'penalty': 0, 'penalties': 0, 'turnitin': 0, 'contract cheating': 0, 'breach': 1, 'disciplinary': 0, 'sanction': 0, 'sanctions': 0, 'suspicious': 0, 'investigation': 0, 'academic integrity': 1, 'collusion': 0, 'unfair': 0, 'cheat': 0, 'cheating': 0, 'detect': 0, 'detected': 0, 'offence': 0, 'offences': 0, 'punishment': 0, 'prohibit': 0, 'prohibited': 0, 'violation': 0, 'unauthorised': 0, 'unauthorized': 0, 'declare': 0, 'declaration': 0, 'disclose': 0, 'not permitted': 0, 'not allowed': 0, 'zero tolerance': 0}","{'literacy': 0, 'critical thinking': 1, 'pedagogy': 0, 'skill': 0, 'skills': 1, 'curriculum': 0, 'learning': 3, 'opportunity': 0, 'opportunities': 0, 'creativity': 0, 'creative': 2, 'agency': 0, 'assessment design': 0, 'co-creation': 0, 'student voice': 0, 'dialogue': 0, 'empower': 0, 'develop': 0, 'development': 1, 'competence': 0, 'capability': 0, 'ethical': 0, 'ethics': 0, 'responsible': 0, 'responsibility': 0, 'reflection': 0, 'reflective': 0, 'critical': 1, 'evaluate': 0, 'understand': 2, 'understanding': 0, 'engage': 0, 'engagement': 0, 'support': 3, 'guidance': 0, 'learn': 0, 'teach': 0, 'teaching': 0, 'practice': 0, 'practices': 0, 'digital literacy': 0, 'information literacy': 0, 'media literacy': 0}",0.125,Education-dominant
Liverpool John Moores University,Post-1992,England,740,0,78,0.0,105.41,"{'plagiarism': 0, 'detection': 0, 'misconduct': 0, 'penalty': 0, 'penalties': 0, 'turnitin': 0, 'contract cheating': 0, 'breach': 0, 'disciplinary': 0, 'sanction': 0, 'sanctions': 0, 'suspicious': 0, 'investigation': 0, 'academic integrity': 0, 'collusion': 0, 'unfair': 0, 'cheat': 0, 'cheating': 0, 'detect': 0, 'detected': 0, 'offence': 0, 'offences': 0, 'punishment': 0, 'prohibit': 0, 'prohibited': 0, 'violation': 0, 'unauthorised': 0, 'unauthorized': 0, 'declare': 0, 'declaration': 0, 'disclose': 0, 'not permitted': 0, 'not allowed': 0, 'zero tolerance': 0}","{'literacy': 0, 'critical thinking': 1, 'pedagogy': 0, 'skill': 0, 'skills': 0, 'curriculum': 6, 'learning': 22, 'opportunity': 0, 'opportunities': 0, 'creativity': 0, 'creative': 1, 'agency': 0, 'assessment design': 0, 'co-creation': 0, 'student voice': 0, 'dialogue': 0, 'empower': 0, 'develop': 1, 'development': 5, 'competence': 0, 'capability': 1, 'ethical': 1, 'ethics': 1, 'responsible': 1, 'responsibility': 0, 'reflection': 1, 'reflective': 1, 'critical': 1, 'evaluate': 0, 'understand': 0, 'understanding': 0, 'engage': 1, 'engagement': 1, 'support': 2, 'guidance': 9, 'learn': 1, 'teach': 1, 'teaching': 13, 'practice': 2, 'practices': 5, 'digital literacy': 0, 'information literacy': 0, 'media literacy': 0}",0.0,Education-dominant
London Metropolitan University,Post-1992,England,559,10,17,17.89,30.41,"{'plagiarism': 1, 'detection': 0, 'misconduct': 4, 'penalty': 0, 'penalties': 0, 'turnitin': 0, 'contract cheating': 1, 'breach': 0, 'disciplinary': 0, 'sanction': 0, 'sanctions': 0, 'suspicious': 0, 'investigation': 0, 'academic integrity': 2, 'collusion': 0, 'unfair': 1, 'cheat': 0, 'cheating': 1, 'detect': 0, 'detected': 0, 'offence': 0, 'offences': 0, 'punishment': 0, 'prohibit': 0, 'prohibited': 0, 'violation': 0, 'unauthorised': 0, 'unauthorized': 0, 'declare': 0, 'declaration': 0, 'disclose': 0, 'not permitted': 0, 'not allowed': 0, 'zero tolerance': 0}","{'literacy': 0, 'critical thinking': 0, 'pedagogy': 0, 'skill': 0, 'skills': 1, 'curriculum': 0, 'learning': 2, 'opportunity': 0, 'opportunities': 1, 'creativity': 0, 'creative': 0, 'agency': 0, 'assessment design': 0, 'co-creation': 0, 'student voice': 0, 'dialogue': 0, 'empower': 0, 'develop': 0, 'development': 0, 'competence': 0, 'capability': 0, 'ethical': 0, 'ethics': 0, 'responsible': 1, 'responsibility': 0, 'reflection': 0, 'reflective': 0, 'critical': 1, 'evaluate': 0, 'understand': 1, 'understanding': 1, 'engage': 1, 'engagement': 0, 'support': 3, 'guidance': 2, 'learn': 1, 'teach': 0, 'teaching': 1, 'practice': 1, 'practices': 0, 'digital literacy': 0, 'information literacy': 0, 'media literacy': 0}",0.37037037037037035,Education-dominant
Manchester Metropolitan University,Post-1992,England,935,12,21,12.83,22.46,"{'plagiarism': 0, 'detection': 1, 'misconduct': 4, 'penalty': 4, 'penalties': 0, 'turnitin': 0, 'contract cheating': 0, 'breach': 0, 'disciplinary': 0, 'sanction': 0, 'sanctions': 0, 'suspicious': 0, 'investigation': 0, 'academic integrity': 0, 'collusion': 0, 'unfair': 1, 'cheat': 0, 'cheating': 0, 'detect': 0, 'detected': 0, 'offence': 0, 'offences': 0, 'punishment': 0, 'prohibit': 0, 'prohibited': 0, 'violation': 0, 'unauthorised': 2, 'unauthorized': 0, 'declare': 0, 'declaration': 0, 'disclose': 0, 'not permitted': 0, 'not allowed': 0, 'zero tolerance': 0}","{'literacy': 2, 'critical thinking': 0, 'pedagogy': 0, 'skill': 0, 'skills': 2, 'curriculum': 0, 'learning': 2, 'opportunity': 0, 'opportunities': 2, 'creativity': 0, 'creative': 0, 'agency': 0, 'assessment design': 0, 'co-creation': 0, 'student voice': 0, 'dialogue': 0, 'empower': 0, 'develop': 0, 'development': 0, 'competence': 0, 'capability': 0, 'ethical': 0, 'ethics': 0, 'responsible': 0, 'responsibility': 0, 'reflection': 0, 'reflective': 0, 'critical': 2, 'evaluate': 1, 'understand': 1, 'understanding': 1, 'engage': 0, 'engagement': 1, 'support': 3, 'guidance': 3, 'learn': 0, 'teach': 0, 'teaching': 1, 'practice': 0, 'practices': 0, 'digital literacy': 0, 'information literacy': 0, 'media literacy': 0}",0.36363636363636365,Education-dominant
Middlesex University,Post-1992,England,408,3,9,7.35,22.06,"{'plagiarism': 0, 'detection': 0, 'misconduct': 0, 'penalty': 0, 'penalties': 0, 'turnitin': 0, 'contract cheating': 0, 'breach': 0, 'disciplinary': 0, 'sanction': 0, 'sanctions': 0, 'suspicious': 0, 'investigation': 0, 'academic integrity': 3, 'collusion': 0, 'unfair': 0, 'cheat': 0, 'cheating': 0, 'detect': 0, 'detected': 0, 'offence': 0, 'offences': 0, 'punishment': 0, 'prohibit': 0, 'prohibited': 0, 'violation': 0, 'unauthorised': 0, 'unauthorized': 0, 'declare': 0, 'declaration': 0, 'disclose': 0, 'not permitted': 0, 'not allowed': 0, 'zero tolerance': 0}","{'literacy': 0, 'critical thinking': 0, 'pedagogy': 0, 'skill': 0, 'skills': 1, 'curriculum': 0, 'learning': 3, 'opportunity': 0, 'opportunities': 0, 'creativity': 0, 'creative': 0, 'agency': 0, 'assessment design': 0, 'co-creation': 0, 'student voice': 0, 'dialogue': 0, 'empower': 0, 'develop': 1, 'development': 0, 'competence': 0, 'capability': 0, 'ethical': 1, 'ethics': 0, 'responsible': 1, 'responsibility': 0, 'reflection': 0, 'reflective': 0, 'critical': 0, 'evaluate': 0, 'understand': 0, 'understanding': 0, 'engage': 0, 'engagement': 0, 'support': 1, 'guidance': 0, 'learn': 0, 'teach': 0, 'teaching': 1, 'practice': 0, 'practices': 0, 'digital literacy': 0, 'information literacy': 0, 'media literacy': 0}",0.25,Education-dominant
Oxford Brookes University,Post-1992,England,160,2,3,12.5,18.75,"{'plagiarism': 0, 'detection': 0, 'misconduct': 0, 'penalty': 0, 'penalties': 0, 'turnitin': 0, 'contract cheating': 0, 'breach': 0, 'disciplinary': 0, 'sanction': 0, 'sanctions': 0, 'suspicious': 0, 'investigation': 0, 'academic integrity': 2, 'collusion': 0, 'unfair': 0, 'cheat': 0, 'cheating': 0, 'detect': 0, 'detected': 0, 'offence': 0, 'offences': 0, 'punishment': 0, 'prohibit': 0, 'prohibited': 0, 'violation': 0, 'unauthorised': 0, 'unauthorized': 0, 'declare': 0, 'declaration': 0, 'disclose': 0, 'not permitted': 0, 'not allowed': 0, 'zero tolerance': 0}","{'literacy': 0, 'critical thinking': 0, 'pedagogy': 0, 'skill': 0, 'skills': 0, 'curriculum': 0, 'learning': 0, 'opportunity': 0, 'opportunities': 0, 'creativity': 0, 'creative': 0, 'agency': 0, 'assessment design': 0, 'co-creation': 0, 'student voice': 0, 'dialogue': 0, 'empower': 0, 'develop': 0, 'development': 0, 'competence': 0, 'capability': 0, 'ethical': 0, 'ethics': 0, 'responsible': 0, 'responsibility': 0, 'reflection': 0, 'reflective': 0, 'critical': 0, 'evaluate': 0, 'understand': 1, 'understanding': 0, 'engage': 0, 'engagement': 0, 'support': 0, 'guidance': 1, 'learn': 1, 'teach': 0, 'teaching': 0, 'practice': 0, 'practices': 0, 'digital literacy': 0, 'information literacy': 0, 'media literacy': 0}",0.4,Balanced
University of Plymouth,Post-1992,England,392,2,10,5.1,25.51,"{'plagiarism': 0, 'detection': 0, 'misconduct': 0, 'penalty': 0, 'penalties': 0, 'turnitin': 0, 'contract cheating': 0, 'breach': 2, 'disciplinary': 0, 'sanction': 0, 'sanctions': 0, 'suspicious': 0, 'investigation': 0, 'academic integrity': 0, 'collusion': 0, 'unfair': 0, 'cheat': 0, 'cheating': 0, 'detect': 0, 'detected': 0, 'offence': 0, 'offences': 0, 'punishment': 0, 'prohibit': 0, 'prohibited': 0, 'violation': 0, 'unauthorised': 0, 'unauthorized': 0, 'declare': 0, 'declaration': 0, 'disclose': 0, 'not permitted': 0, 'not allowed': 0, 'zero tolerance': 0}","{'literacy': 0, 'critical thinking': 1, 'pedagogy': 0, 'skill': 0, 'skills': 1, 'curriculum': 0, 'learning': 1, 'opportunity': 0, 'opportunities': 0, 'creativity': 0, 'creative': 0, 'agency': 0, 'assessment design': 0, 'co-creation': 0, 'student voice': 0, 'dialogue': 0, 'empower': 0, 'develop': 0, 'development': 1, 'competence': 0, 'capability': 0, 'ethical': 1, 'ethics': 0, 'responsible': 0, 'responsibility': 0, 'reflection': 0, 'reflective': 0, 'critical': 2, 'evaluate': 0, 'understand': 1, 'understanding': 0, 'engage': 0, 'engagement': 0, 'support': 0, 'guidance': 2, 'learn': 0, 'teach': 0, 'teaching': 0, 'practice': 0, 'practices': 0, 'digital literacy': 0, 'information literacy': 0, 'media literacy': 0}",0.16666666666666666,Education-dominant
University of Portsmouth,Post-1992,England,564,1,24,1.77,42.55,"{'plagiarism': 0, 'detection': 0, 'misconduct': 1, 'penalty': 0, 'penalties': 0, 'turnitin': 0, 'contract cheating': 0, 'breach': 0, 'disciplinary': 0, 'sanction': 0, 'sanctions': 0, 'suspicious': 0, 'investigation': 0, 'academic integrity': 0, 'collusion': 0, 'unfair': 0, 'cheat': 0, 'cheating': 0, 'detect': 0, 'detected': 0, 'offence': 0, 'offences': 0, 'punishment': 0, 'prohibit': 0, 'prohibited': 0, 'violation': 0, 'unauthorised': 0, 'unauthorized': 0, 'declare': 0, 'declaration': 0, 'disclose': 0, 'not permitted': 0, 'not allowed': 0, 'zero tolerance': 0}","{'literacy': 0, 'critical thinking': 0, 'pedagogy': 0, 'skill': 1, 'skills': 1, 'curriculum': 0, 'learning': 6, 'opportunity': 0, 'opportunities': 0, 'creativity': 1, 'creative': 0, 'agency': 0, 'assessment design': 0, 'co-creation': 0, 'student voice': 0, 'dialogue': 0, 'empower': 0, 'develop': 0, 'development': 1, 'competence': 0, 'capability': 0, 'ethical': 0, 'ethics': 0, 'responsible': 0, 'responsibility': 0, 'reflection': 0, 'reflective': 0, 'critical': 1, 'evaluate': 0, 'understand': 2, 'understanding': 3, 'engage': 0, 'engagement': 0, 'support': 4, 'guidance': 1, 'learn': 3, 'teach': 0, 'teaching': 0, 'practice': 0, 'practices': 0, 'digital literacy': 0, 'information literacy': 0, 'media literacy': 0}",0.04,Education-dominant
Sheffield Hallam University,Post-1992,England,1639,3,26,1.83,15.86,"{'plagiarism': 0, 'detection': 0, 'misconduct': 0, 'penalty': 0, 'penalties': 0, 'turnitin': 0, 'contract cheating': 0, 'breach': 0, 'disciplinary': 0, 'sanction': 0, 'sanctions': 0, 'suspicious': 0, 'investigation': 0, 'academic integrity': 2, 'collusion': 0, 'unfair': 0, 'cheat': 0, 'cheating': 1, 'detect': 0, 'detected': 0, 'offence': 0, 'offences': 0, 'punishment': 0, 'prohibit': 0, 'prohibited': 0, 'violation': 0, 'unauthorised': 0, 'unauthorized': 0, 'declare': 0, 'declaration': 0, 'disclose': 0, 'not permitted': 0, 'not allowed': 0, 'zero tolerance': 0}","{'literacy': 0, 'critical thinking': 0, 'pedagogy': 0, 'skill': 0, 'skills': 2, 'curriculum': 0, 'learning': 1, 'opportunity': 0, 'opportunities': 0, 'creativity': 1, 'creative': 1, 'agency': 0, 'assessment design': 0, 'co-creation': 0, 'student voice': 0, 'dialogue': 0, 'empower': 0, 'develop': 1, 'development': 0, 'competence': 0, 'capability': 0, 'ethical': 0, 'ethics': 2, 'responsible': 2, 'responsibility': 0, 'reflection': 0, 'reflective': 1, 'critical': 1, 'evaluate': 1, 'understand': 0, 'understanding': 0, 'engage': 0, 'engagement': 0, 'support': 2, 'guidance': 11, 'learn': 0, 'teach': 0, 'teaching': 0, 'practice': 0, 'practices': 0, 'digital literacy': 0, 'information literacy': 0, 'media literacy': 0}",0.10344827586206896,Education-dominant
University of the West of England,Post-1992,England,640,6,54,9.38,84.38,"{'plagiarism': 1, 'detection': 1, 'misconduct': 0, 'penalty': 0, 'penalties': 0, 'turnitin': 0, 'contract cheating': 0, 'breach': 0, 'disciplinary': 0, 'sanction': 0, 'sanctions': 0, 'suspicious': 0, 'investigation': 0, 'academic integrity': 2, 'collusion': 0, 'unfair': 0, 'cheat': 0, 'cheating': 0, 'detect': 0, 'detected': 0, 'offence': 1, 'offences': 1, 'punishment': 0, 'prohibit': 0, 'prohibited': 0, 'violation': 0, 'unauthorised': 0, 'unauthorized': 0, 'declare': 0, 'declaration': 0, 'disclose': 0, 'not permitted': 0, 'not allowed': 0, 'zero tolerance': 0}","{'literacy': 3, 'critical thinking': 1, 'pedagogy': 0, 'skill': 0, 'skills': 7, 'curriculum': 0, 'learning': 7, 'opportunity': 0, 'opportunities': 3, 'creativity': 1, 'creative': 1, 'agency': 0, 'assessment design': 0, 'co-creation': 0, 'student voice': 0, 'dialogue': 0, 'empower': 3, 'develop': 4, 'development': 1, 'competence': 0, 'capability': 0, 'ethical': 4, 'ethics': 0, 'responsible': 0, 'responsibility': 0, 'reflection': 0, 'reflective': 0, 'critical': 1, 'evaluate': 1, 'understand': 1, 'understanding': 0, 'engage': 2, 'engagement': 0, 'support': 3, 'guidance': 3, 'learn': 0, 'teach': 0, 'teaching': 5, 'practice': 0, 'practices': 3, 'digital literacy': 0, 'information literacy': 0, 'media literacy': 0}",0.1,Education-dominant
University of Westminster,Post-1992,England,336,1,14,2.98,41.67,"{'plagiarism': 0, 'detection': 0, 'misconduct': 0, 'penalty': 0, 'penalties': 0, 'turnitin': 0, 'contract cheating': 0, 'breach': 0, 'disciplinary': 0, 'sanction': 0, 'sanctions': 0, 'suspicious': 0, 'investigation': 0, 'academic integrity': 0, 'collusion': 0, 'unfair': 0, 'cheat': 0, 'cheating': 0, 'detect': 0, 'detected': 0, 'offence': 0, 'offences': 0, 'punishment': 0, 'prohibit': 0, 'prohibited': 0, 'violation': 0, 'unauthorised': 0, 'unauthorized': 0, 'declare': 0, 'declaration': 0, 'disclose': 1, 'not permitted': 0, 'not allowed': 0, 'zero tolerance': 0}","{'literacy': 0, 'critical thinking': 1, 'pedagogy': 0, 'skill': 0, 'skills': 3, 'curriculum': 0, 'learning': 1, 'opportunity': 0, 'opportunities': 0, 'creativity': 0, 'creative': 0, 'agency': 0, 'assessment design': 0, 'co-creation': 0, 'student voice': 0, 'dialogue': 0, 'empower': 0, 'develop': 0, 'development': 0, 'competence': 0, 'capability': 0, 'ethical': 1, 'ethics': 0, 'responsible': 0, 'responsibility': 0, 'reflection': 0, 'reflective': 0, 'critical': 1, 'evaluate': 0, 'understand': 1, 'understanding': 0, 'engage': 0, 'engagement': 0, 'support': 1, 'guidance': 4, 'learn': 1, 'teach': 0, 'teaching': 0, 'practice': 0, 'practices': 0, 'digital literacy': 0, 'information literacy': 0, 'media literacy': 0}",0.06666666666666667,Education-dominant
University of Wolverhampton,Post-1992,England,2152,6,39,2.79,18.12,"{'plagiarism': 3, 'detection': 0, 'misconduct': 0, 'penalty': 0, 'penalties': 0, 'turnitin': 1, 'contract cheating': 0, 'breach': 0, 'disciplinary': 0, 'sanction': 0, 'sanctions': 0, 'suspicious': 0, 'investigation': 0, 'academic integrity': 1, 'collusion': 0, 'unfair': 0, 'cheat': 0, 'cheating': 0, 'detect': 0, 'detected': 1, 'offence': 0, 'offences': 0, 'punishment': 0, 'prohibit': 0, 'prohibited': 0, 'violation': 0, 'unauthorised': 0, 'unauthorized': 0, 'declare': 0, 'declaration': 0, 'disclose': 0, 'not permitted': 0, 'not allowed': 0, 'zero tolerance': 0}","{'literacy': 1, 'critical thinking': 0, 'pedagogy': 0, 'skill': 0, 'skills': 5, 'curriculum': 0, 'learning': 9, 'opportunity': 1, 'opportunities': 1, 'creativity': 0, 'creative': 2, 'agency': 0, 'assessment design': 0, 'co-creation': 0, 'student voice': 1, 'dialogue': 0, 'empower': 0, 'develop': 0, 'development': 1, 'competence': 0, 'capability': 0, 'ethical': 0, 'ethics': 0, 'responsible': 1, 'responsibility': 0, 'reflection': 0, 'reflective': 0, 'critical': 1, 'evaluate': 1, 'understand': 0, 'understanding': 1, 'engage': 0, 'engagement': 0, 'support': 8, 'guidance': 1, 'learn': 2, 'teach': 0, 'teaching': 3, 'practice': 0, 'practices': 0, 'digital literacy': 0, 'information literacy': 0, 'media literacy': 0}",0.13333333333333333,Education-dominant
University of South Wales,Post-1992,Wales,362,0,14,0.0,38.67,"{'plagiarism': 0, 'detection': 0, 'misconduct': 0, 'penalty': 0, 'penalties': 0, 'turnitin': 0, 'contract cheating': 0, 'breach': 0, 'disciplinary': 0, 'sanction': 0, 'sanctions': 0, 'suspicious': 0, 'investigation': 0, 'academic integrity': 0, 'collusion': 0, 'unfair': 0, 'cheat': 0, 'cheating': 0, 'detect': 0, 'detected': 0, 'offence': 0, 'offences': 0, 'punishment': 0, 'prohibit': 0, 'prohibited': 0, 'violation': 0, 'unauthorised': 0, 'unauthorized': 0, 'declare': 0, 'declaration': 0, 'disclose': 0, 'not permitted': 0, 'not allowed': 0, 'zero tolerance': 0}","{'literacy': 1, 'critical thinking': 0, 'pedagogy': 0, 'skill': 0, 'skills': 2, 'curriculum': 0, 'learning': 2, 'opportunity': 0, 'opportunities': 0, 'creativity': 0, 'creative': 0, 'agency': 0, 'assessment design': 0, 'co-creation': 0, 'student voice': 0, 'dialogue': 0, 'empower': 0, 'develop': 1, 'development': 1, 'competence': 0, 'capability': 0, 'ethical': 1, 'ethics': 0, 'responsible': 1, 'responsibility': 0, 'reflection': 0, 'reflective': 0, 'critical': 0, 'evaluate': 0, 'understand': 0, 'understanding': 0, 'engage': 0, 'engagement': 0, 'support': 0, 'guidance': 2, 'learn': 0, 'teach': 0, 'teaching': 1, 'practice': 1, 'practices': 0, 'digital literacy': 0, 'information literacy': 1, 'media literacy': 0}",0.0,Education-dominant
Cardiff Metropolitan University,Post-1992,Wales,208,0,11,0.0,52.88,"{'plagiarism': 0, 'detection': 0, 'misconduct': 0, 'penalty': 0, 'penalties': 0, 'turnitin': 0, 'contract cheating': 0, 'breach': 0, 'disciplinary': 0, 'sanction': 0, 'sanctions': 0, 'suspicious': 0, 'investigation': 0, 'academic integrity': 0, 'collusion': 0, 'unfair': 0, 'cheat': 0, 'cheating': 0, 'detect': 0, 'detected': 0, 'offence': 0, 'offences': 0, 'punishment': 0, 'prohibit': 0, 'prohibited': 0, 'violation': 0, 'unauthorised': 0, 'unauthorized': 0, 'declare': 0, 'declaration': 0, 'disclose': 0, 'not permitted': 0, 'not allowed': 0, 'zero tolerance': 0}","{'literacy': 0, 'critical thinking': 0, 'pedagogy': 0, 'skill': 0, 'skills': 0, 'curriculum': 0, 'learning': 0, 'opportunity': 0, 'opportunities': 0, 'creativity': 0, 'creative': 0, 'agency': 0, 'assessment design': 0, 'co-creation': 0, 'student voice': 0, 'dialogue': 0, 'empower': 0, 'develop': 0, 'development': 0, 'competence': 0, 'capability': 0, 'ethical': 3, 'ethics': 0, 'responsible': 2, 'responsibility': 0, 'reflection': 0, 'reflective': 0, 'critical': 0, 'evaluate': 0, 'understand': 0, 'understanding': 1, 'engage': 0, 'engagement': 0, 'support': 1, 'guidance': 2, 'learn': 1, 'teach': 0, 'teaching': 0, 'practice': 0, 'practices': 1, 'digital literacy': 0, 'information literacy': 0, 'media literacy': 0}",0.0,Education-dominant
Robert Gordon University,Post-1992,Scotland,246,0,5,0.0,20.33,"{'plagiarism': 0, 'detection': 0, 'misconduct': 0, 'penalty': 0, 'penalties': 0, 'turnitin': 0, 'contract cheating': 0, 'breach': 0, 'disciplinary': 0, 'sanction': 0, 'sanctions': 0, 'suspicious': 0, 'investigation': 0, 'academic integrity': 0, 'collusion': 0, 'unfair': 0, 'cheat': 0, 'cheating': 0, 'detect': 0, 'detected': 0, 'offence': 0, 'offences': 0, 'punishment': 0, 'prohibit': 0, 'prohibited': 0, 'violation': 0, 'unauthorised': 0, 'unauthorized': 0, 'declare': 0, 'declaration': 0, 'disclose': 0, 'not permitted': 0, 'not allowed': 0, 'zero tolerance': 0}","{'literacy': 0, 'critical thinking': 0, 'pedagogy': 0, 'skill': 0, 'skills': 0, 'curriculum': 0, 'learning': 0, 'opportunity': 0, 'opportunities': 0, 'creativity': 0, 'creative': 0, 'agency': 0, 'assessment design': 0, 'co-creation': 0, 'student voice': 0, 'dialogue': 0, 'empower': 0, 'develop': 1, 'development': 0, 'competence': 0, 'capability': 0, 'ethical': 0, 'ethics': 0, 'responsible': 1, 'responsibility': 0, 'reflection': 0, 'reflective': 0, 'critical': 0, 'evaluate': 0, 'understand': 0, 'understanding': 0, 'engage': 0, 'engagement': 0, 'support': 0, 'guidance': 3, 'learn': 0, 'teach': 0, 'teaching': 0, 'practice': 0, 'practices': 0, 'digital literacy': 0, 'information literacy': 0, 'media literacy': 0}",0.0,Education-dominant
Abertay University,Post-1992,Scotland,778,21,19,26.99,24.42,"{'plagiarism': 1, 'detection': 0, 'misconduct': 10, 'penalty': 0, 'penalties': 0, 'turnitin': 2, 'contract cheating': 1, 'breach': 1, 'disciplinary': 0, 'sanction': 0, 'sanctions': 1, 'suspicious': 0, 'investigation': 0, 'academic integrity': 2, 'collusion': 0, 'unfair': 0, 'cheat': 0, 'cheating': 1, 'detect': 0, 'detected': 0, 'offence': 1, 'offences': 1, 'punishment': 0, 'prohibit': 0, 'prohibited': 0, 'violation': 0, 'unauthorised': 0, 'unauthorized': 0, 'declare': 0, 'declaration': 0, 'disclose': 0, 'not permitted': 0, 'not allowed': 0, 'zero tolerance': 0}","{'literacy': 0, 'critical thinking': 0, 'pedagogy': 0, 'skill': 0, 'skills': 2, 'curriculum': 0, 'learning': 1, 'opportunity': 0, 'opportunities': 0, 'creativity': 0, 'creative': 0, 'agency': 0, 'assessment design': 0, 'co-creation': 0, 'student voice': 0, 'dialogue': 0, 'empower': 0, 'develop': 0, 'development': 0, 'competence': 0, 'capability': 0, 'ethical': 0, 'ethics': 0, 'responsible': 3, 'responsibility': 0, 'reflection': 0, 'reflective': 0, 'critical': 1, 'evaluate': 0, 'understand': 1, 'understanding': 0, 'engage': 0, 'engagement': 1, 'support': 5, 'guidance': 5, 'learn': 0, 'teach': 0, 'teaching': 0, 'practice': 0, 'practices': 0, 'digital literacy': 0, 'information literacy': 0, 'media literacy': 0}",0.525,Balanced
Edinburgh Napier University,Post-1992,Scotland,3238,29,98,8.96,30.27,"{'plagiarism': 4, 'detection': 0, 'misconduct': 9, 'penalty': 0, 'penalties': 1, 'turnitin': 0, 'contract cheating': 0, 'breach': 0, 'disciplinary': 0, 'sanction': 0, 'sanctions': 0, 'suspicious': 0, 'investigation': 4, 'academic integrity': 6, 'collusion': 0, 'unfair': 0, 'cheat': 0, 'cheating': 2, 'detect': 0, 'detected': 0, 'offence': 0, 'offences': 0, 'punishment': 0, 'prohibit': 0, 'prohibited': 0, 'violation': 0, 'unauthorised': 0, 'unauthorized': 0, 'declare': 1, 'declaration': 2, 'disclose': 0, 'not permitted': 0, 'not allowed': 0, 'zero tolerance': 0}","{'literacy': 0, 'critical thinking': 2, 'pedagogy': 0, 'skill': 0, 'skills': 12, 'curriculum': 0, 'learning': 12, 'opportunity': 0, 'opportunities': 3, 'creativity': 0, 'creative': 1, 'agency': 0, 'assessment design': 0, 'co-creation': 0, 'student voice': 1, 'dialogue': 0, 'empower': 1, 'develop': 7, 'development': 5, 'competence': 0, 'capability': 0, 'ethical': 7, 'ethics': 1, 'responsible': 3, 'responsibility': 3, 'reflection': 0, 'reflective': 1, 'critical': 3, 'evaluate': 0, 'understand': 2, 'understanding': 5, 'engage': 2, 'engagement': 1, 'support': 8, 'guidance': 14, 'learn': 2, 'teach': 0, 'teaching': 0, 'practice': 0, 'practices': 2, 'digital literacy': 0, 'information literacy': 0, 'media literacy': 0}",0.2283464566929134,Education-dominant
Queen Margaret University,Post-1992,Scotland,978,3,32,3.07,32.72,"{'plagiarism': 1, 'detection': 0, 'misconduct': 0, 'penalty': 0, 'penalties': 0, 'turnitin': 0, 'contract cheating': 0, 'breach': 0, 'disciplinary': 0, 'sanction': 0, 'sanctions': 0, 'suspicious': 0, 'investigation': 0, 'academic integrity': 0, 'collusion': 0, 'unfair': 2, 'cheat': 0, 'cheating': 0, 'detect': 0, 'detected': 0, 'offence': 0, 'offences': 0, 'punishment': 0, 'prohibit': 0, 'prohibited': 0, 'violation': 0, 'unauthorised': 0, 'unauthorized': 0, 'declare': 0, 'declaration': 0, 'disclose': 0, 'not permitted': 0, 'not allowed': 0, 'zero tolerance': 0}","{'literacy': 0, 'critical thinking': 2, 'pedagogy': 0, 'skill': 0, 'skills': 4, 'curriculum': 0, 'learning': 4, 'opportunity': 1, 'opportunities': 0, 'creativity': 1, 'creative': 0, 'agency': 0, 'assessment design': 0, 'co-creation': 0, 'student voice': 0, 'dialogue': 0, 'empower': 0, 'develop': 1, 'development': 0, 'competence': 0, 'capability': 0, 'ethical': 2, 'ethics': 0, 'responsible': 0, 'responsibility': 0, 'reflection': 0, 'reflective': 0, 'critical': 4, 'evaluate': 0, 'understand': 0, 'understanding': 2, 'engage': 0, 'engagement': 2, 'support': 4, 'guidance': 1, 'learn': 3, 'teach': 0, 'teaching': 0, 'practice': 1, 'practices': 0, 'digital literacy': 0, 'information literacy': 0, 'media literacy': 0}",0.08571428571428572,Education-dominant
University of the West of Scotland,Post-1992,Scotland,474,6,23,12.66,48.52,"{'plagiarism': 0, 'detection': 0, 'misconduct': 0, 'penalty': 0, 'penalties': 0, 'turnitin': 0, 'contract cheating': 0, 'breach': 0, 'disciplinary': 0, 'sanction': 0, 'sanctions': 0, 'suspicious': 0, 'investigation': 0, 'academic integrity': 6, 'collusion': 0, 'unfair': 0, 'cheat': 0, 'cheating': 0, 'detect': 0, 'detected': 0, 'offence': 0, 'offences': 0, 'punishment': 0, 'prohibit': 0, 'prohibited': 0, 'violation': 0, 'unauthorised': 0, 'unauthorized': 0, 'declare': 0, 'declaration': 0, 'disclose': 0, 'not permitted': 0, 'not allowed': 0, 'zero tolerance': 0}","{'literacy': 4, 'critical thinking': 0, 'pedagogy': 0, 'skill': 0, 'skills': 3, 'curriculum': 0, 'learning': 1, 'opportunity': 0, 'opportunities': 0, 'creativity': 0, 'creative': 0, 'agency': 0, 'assessment design': 0, 'co-creation': 0, 'student voice': 0, 'dialogue': 0, 'empower': 0, 'develop': 2, 'development': 0, 'competence': 0, 'capability': 0, 'ethical': 3, 'ethics': 0, 'responsible': 0, 'responsibility': 0, 'reflection': 0, 'reflective': 0, 'critical': 2, 'evaluate': 1, 'understand': 0, 'understanding': 2, 'engage': 0, 'engagement': 0, 'support': 0, 'guidance': 3, 'learn': 2, 'teach': 0, 'teaching': 0, 'practice': 0, 'practices': 0, 'digital literacy': 0, 'information literacy': 0, 'media literacy': 0}",0.20689655172413793,Education-dominant
University of Bedfordshire,Post-1992,England,385,1,41,2.6,106.49,"{'plagiarism': 0, 'detection': 0, 'misconduct': 0, 'penalty': 0, 'penalties': 0, 'turnitin': 0, 'contract cheating': 0, 'breach': 0, 'disciplinary': 0, 'sanction': 0, 'sanctions': 0, 'suspicious': 0, 'investigation': 0, 'academic integrity': 1, 'collusion': 0, 'unfair': 0, 'cheat': 0, 'cheating': 0, 'detect': 0, 'detected': 0, 'offence': 0, 'offences': 0, 'punishment': 0, 'prohibit': 0, 'prohibited': 0, 'violation': 0, 'unauthorised': 0, 'unauthorized': 0, 'declare': 0, 'declaration': 0, 'disclose': 0, 'not permitted': 0, 'not allowed': 0, 'zero tolerance': 0}","{'literacy': 0, 'critical thinking': 0, 'pedagogy': 1, 'skill': 0, 'skills': 0, 'curriculum': 3, 'learning': 13, 'opportunity': 0, 'opportunities': 1, 'creativity': 0, 'creative': 0, 'agency': 0, 'assessment design': 0, 'co-creation': 0, 'student voice': 0, 'dialogue': 0, 'empower': 0, 'develop': 1, 'development': 5, 'competence': 0, 'capability': 1, 'ethical': 1, 'ethics': 0, 'responsible': 0, 'responsibility': 0, 'reflection': 0, 'reflective': 0, 'critical': 0, 'evaluate': 0, 'understand': 0, 'understanding': 0, 'engage': 0, 'engagement': 0, 'support': 3, 'guidance': 1, 'learn': 0, 'teach': 0, 'teaching': 7, 'practice': 3, 'practices': 1, 'digital literacy': 0, 'information literacy': 0, 'media literacy': 0}",0.023809523809523808,Education-dominant
Bath Spa University,Post-1992,England,1666,6,15,3.6,9.0,"{'plagiarism': 0, 'detection': 1, 'misconduct': 0, 'penalty': 0, 'penalties': 0, 'turnitin': 0, 'contract cheating': 0, 'breach': 0, 'disciplinary': 0, 'sanction': 0, 'sanctions': 0, 'suspicious': 0, 'investigation': 0, 'academic integrity': 4, 'collusion': 0, 'unfair': 0, 'cheat': 0, 'cheating': 0, 'detect': 1, 'detected': 0, 'offence': 0, 'offences': 0, 'punishment': 0, 'prohibit': 0, 'prohibited': 0, 'violation': 0, 'unauthorised': 0, 'unauthorized': 0, 'declare': 0, 'declaration': 0, 'disclose': 0, 'not permitted': 0, 'not allowed': 0, 'zero tolerance': 0}","{'literacy': 0, 'critical thinking': 1, 'pedagogy': 0, 'skill': 0, 'skills': 2, 'curriculum': 0, 'learning': 4, 'opportunity': 0, 'opportunities': 0, 'creativity': 1, 'creative': 0, 'agency': 0, 'assessment design': 0, 'co-creation': 0, 'student voice': 0, 'dialogue': 0, 'empower': 0, 'develop': 0, 'development': 0, 'competence': 0, 'capability': 1, 'ethical': 0, 'ethics': 0, 'responsible': 0, 'responsibility': 0, 'reflection': 0, 'reflective': 0, 'critical': 1, 'evaluate': 0, 'understand': 1, 'understanding': 1, 'engage': 0, 'engagement': 1, 'support': 0, 'guidance': 1, 'learn': 1, 'teach': 0, 'teaching': 0, 'practice': 0, 'practices': 0, 'digital literacy': 0, 'information literacy': 0, 'media literacy': 0}",0.2857142857142857,Education-dominant
Canterbury Christ Church University,Post-1992,England,5629,26,147,4.62,26.11,"{'plagiarism': 3, 'detection': 0, 'misconduct': 7, 'penalty': 0, 'penalties': 0, 'turnitin': 0, 'contract cheating': 0, 'breach': 5, 'disciplinary': 0, 'sanction': 0, 'sanctions': 0, 'suspicious': 0, 'investigation': 0, 'academic integrity': 9, 'collusion': 0, 'unfair': 0, 'cheat': 0, 'cheating': 0, 'detect': 1, 'detected': 0, 'offence': 0, 'offences': 0, 'punishment': 0, 'prohibit': 1, 'prohibited': 0, 'violation': 0, 'unauthorised': 0, 'unauthorized': 0, 'declare': 0, 'declaration': 0, 'disclose': 0, 'not permitted': 0, 'not allowed': 0, 'zero tolerance': 0}","{'literacy': 0, 'critical thinking': 4, 'pedagogy': 0, 'skill': 0, 'skills': 23, 'curriculum': 0, 'learning': 32, 'opportunity': 0, 'opportunities': 0, 'creativity': 4, 'creative': 0, 'agency': 0, 'assessment design': 0, 'co-creation': 0, 'student voice': 0, 'dialogue': 0, 'empower': 0, 'develop': 3, 'development': 4, 'competence': 0, 'capability': 0, 'ethical': 3, 'ethics': 3, 'responsible': 2, 'responsibility': 5, 'reflection': 0, 'reflective': 1, 'critical': 7, 'evaluate': 3, 'understand': 3, 'understanding': 6, 'engage': 2, 'engagement': 0, 'support': 6, 'guidance': 25, 'learn': 6, 'teach': 0, 'teaching': 0, 'practice': 3, 'practices': 2, 'digital literacy': 0, 'information literacy': 0, 'media literacy': 0}",0.15028901734104047,Education-dominant
University of Chester,Post-1992,England,439,4,19,9.11,43.28,"{'plagiarism': 0, 'detection': 0, 'misconduct': 0, 'penalty': 0, 'penalties': 1, 'turnitin': 0, 'contract cheating': 0, 'breach': 0, 'disciplinary': 0, 'sanction': 0, 'sanctions': 0, 'suspicious': 0, 'investigation': 0, 'academic integrity': 0, 'collusion': 0, 'unfair': 0, 'cheat': 0, 'cheating': 0, 'detect': 0, 'detected': 0, 'offence': 0, 'offences': 0, 'punishment': 0, 'prohibit': 0, 'prohibited': 0, 'violation': 0, 'unauthorised': 0, 'unauthorized': 0, 'declare': 2, 'declaration': 1, 'disclose': 0, 'not permitted': 0, 'not allowed': 0, 'zero tolerance': 0}","{'literacy': 2, 'critical thinking': 0, 'pedagogy': 0, 'skill': 0, 'skills': 1, 'curriculum': 0, 'learning': 0, 'opportunity': 0, 'opportunities': 0, 'creativity': 0, 'creative': 0, 'agency': 0, 'assessment design': 0, 'co-creation': 0, 'student voice': 0, 'dialogue': 0, 'empower': 0, 'develop': 0, 'development': 0, 'competence': 0, 'capability': 0, 'ethical': 0, 'ethics': 0, 'responsible': 2, 'responsibility': 0, 'reflection': 0, 'reflective': 0, 'critical': 1, 'evaluate': 0, 'understand': 3, 'understanding': 4, 'engage': 0, 'engagement': 0, 'support': 1, 'guidance': 3, 'learn': 1, 'teach': 0, 'teaching': 0, 'practice': 0, 'practices': 0, 'digital literacy': 1, 'information literacy': 0, 'media literacy': 0}",0.17391304347826086,Education-dominant
Edge Hill University,Post-1992,England,956,0,24,0.0,25.1,"{'plagiarism': 0, 'detection': 0, 'misconduct': 0, 'penalty': 0, 'penalties': 0, 'turnitin': 0, 'contract cheating': 0, 'breach': 0, 'disciplinary': 0, 'sanction': 0, 'sanctions': 0, 'suspicious': 0, 'investigation': 0, 'academic integrity': 0, 'collusion': 0, 'unfair': 0, 'cheat': 0, 'cheating': 0, 'detect': 0, 'detected': 0, 'offence': 0, 'offences': 0, 'punishment': 0, 'prohibit': 0, 'prohibited': 0, 'violation': 0, 'unauthorised': 0, 'unauthorized': 0, 'declare': 0, 'declaration': 0, 'disclose': 0, 'not permitted': 0, 'not allowed': 0, 'zero tolerance': 0}","{'literacy': 0, 'critical thinking': 0, 'pedagogy': 0, 'skill': 0, 'skills': 0, 'curriculum': 0, 'learning': 4, 'opportunity': 0, 'opportunities': 0, 'creativity': 0, 'creative': 0, 'agency': 0, 'assessment design': 0, 'co-creation': 0, 'student voice': 0, 'dialogue': 0, 'empower': 0, 'develop': 0, 'development': 0, 'competence': 0, 'capability': 0, 'ethical': 2, 'ethics': 1, 'responsible': 2, 'responsibility': 0, 'reflection': 0, 'reflective': 1, 'critical': 2, 'evaluate': 1, 'understand': 1, 'understanding': 1, 'engage': 0, 'engagement': 2, 'support': 6, 'guidance': 0, 'learn': 0, 'teach': 0, 'teaching': 0, 'practice': 1, 'practices': 0, 'digital literacy': 0, 'information literacy': 0, 'media literacy': 0}",0.0,Education-dominant
University of Gloucestershire,Post-1992,England,1771,9,27,5.08,15.25,"{'plagiarism': 0, 'detection': 1, 'misconduct': 1, 'penalty': 0, 'penalties': 0, 'turnitin': 0, 'contract cheating': 0, 'breach': 0, 'disciplinary': 0, 'sanction': 0, 'sanctions': 0, 'suspicious': 0, 'investigation': 0, 'academic integrity': 4, 'collusion': 0, 'unfair': 0, 'cheat': 1, 'cheating': 0, 'detect': 1, 'detected': 0, 'offence': 0, 'offences': 0, 'punishment': 0, 'prohibit': 0, 'prohibited': 0, 'violation': 0, 'unauthorised': 0, 'unauthorized': 0, 'declare': 0, 'declaration': 0, 'disclose': 1, 'not permitted': 0, 'not allowed': 0, 'zero tolerance': 0}","{'literacy': 0, 'critical thinking': 0, 'pedagogy': 0, 'skill': 0, 'skills': 2, 'curriculum': 0, 'learning': 6, 'opportunity': 0, 'opportunities': 0, 'creativity': 1, 'creative': 0, 'agency': 0, 'assessment design': 0, 'co-creation': 0, 'student voice': 0, 'dialogue': 0, 'empower': 0, 'develop': 1, 'development': 0, 'competence': 0, 'capability': 0, 'ethical': 0, 'ethics': 1, 'responsible': 0, 'responsibility': 2, 'reflection': 1, 'reflective': 0, 'critical': 3, 'evaluate': 1, 'understand': 1, 'understanding': 0, 'engage': 0, 'engagement': 0, 'support': 1, 'guidance': 6, 'learn': 1, 'teach': 0, 'teaching': 0, 'practice': 0, 'practices': 0, 'digital literacy': 0, 'information literacy': 0, 'media literacy': 0}",0.25,Education-dominant
Liverpool Hope University,Post-1992,England,992,8,28,8.06,28.23,"{'plagiarism': 0, 'detection': 0, 'misconduct': 4, 'penalty': 0, 'penalties': 0, 'turnitin': 0, 'contract cheating': 0, 'breach': 0, 'disciplinary': 0, 'sanction': 0, 'sanctions': 0, 'suspicious': 0, 'investigation': 0, 'academic integrity': 3, 'collusion': 0, 'unfair': 0, 'cheat': 0, 'cheating': 0, 'detect': 0, 'detected': 0, 'offence': 0, 'offences': 0, 'punishment': 0, 'prohibit': 0, 'prohibited': 0, 'violation': 0, 'unauthorised': 0, 'unauthorized': 0, 'declare': 0, 'declaration': 1, 'disclose': 0, 'not permitted': 0, 'not allowed': 0, 'zero tolerance': 0}","{'literacy': 0, 'critical thinking': 2, 'pedagogy': 0, 'skill': 0, 'skills': 3, 'curriculum': 0, 'learning': 1, 'opportunity': 0, 'opportunities': 0, 'creativity': 0, 'creative': 0, 'agency': 1, 'assessment design': 0, 'co-creation': 0, 'student voice': 0, 'dialogue': 0, 'empower': 0, 'develop': 1, 'development': 0, 'competence': 0, 'capability': 0, 'ethical': 2, 'ethics': 0, 'responsible': 3, 'responsibility': 0, 'reflection': 0, 'reflective': 0, 'critical': 2, 'evaluate': 0, 'understand': 1, 'understanding': 2, 'engage': 0, 'engagement': 1, 'support': 2, 'guidance': 5, 'learn': 0, 'teach': 0, 'teaching': 0, 'practice': 2, 'practices': 0, 'digital literacy': 0, 'information literacy': 0, 'media literacy': 0}",0.2222222222222222,Education-dominant
University of the Northampton,Post-1992,England,263,0,8,0.0,30.42,"{'plagiarism': 0, 'detection': 0, 'misconduct': 0, 'penalty': 0, 'penalties': 0, 'turnitin': 0, 'contract cheating': 0, 'breach': 0, 'disciplinary': 0, 'sanction': 0, 'sanctions': 0, 'suspicious': 0, 'investigation': 0, 'academic integrity': 0, 'collusion': 0, 'unfair': 0, 'cheat': 0, 'cheating': 0, 'detect': 0, 'detected': 0, 'offence': 0, 'offences': 0, 'punishment': 0, 'prohibit': 0, 'prohibited': 0, 'violation': 0, 'unauthorised': 0, 'unauthorized': 0, 'declare': 0, 'declaration': 0, 'disclose': 0, 'not permitted': 0, 'not allowed': 0, 'zero tolerance': 0}","{'literacy': 1, 'critical thinking': 0, 'pedagogy': 0, 'skill': 0, 'skills': 0, 'curriculum': 0, 'learning': 0, 'opportunity': 0, 'opportunities': 0, 'creativity': 0, 'creative': 0, 'agency': 0, 'assessment design': 0, 'co-creation': 0, 'student voice': 0, 'dialogue': 0, 'empower': 0, 'develop': 0, 'development': 0, 'competence': 0, 'capability': 0, 'ethical': 0, 'ethics': 0, 'responsible': 0, 'responsibility': 0, 'reflection': 0, 'reflective': 0, 'critical': 1, 'evaluate': 1, 'understand': 0, 'understanding': 0, 'engage': 0, 'engagement': 0, 'support': 2, 'guidance': 3, 'learn': 0, 'teach': 0, 'teaching': 0, 'practice': 0, 'practices': 0, 'digital literacy': 0, 'information literacy': 0, 'media literacy': 0}",0.0,Education-dominant
University of Roehampton,Post-1992,England,299,6,5,20.07,16.72,"{'plagiarism': 2, 'detection': 0, 'misconduct': 0, 'penalty': 0, 'penalties': 0, 'turnitin': 0, 'contract cheating': 0, 'breach': 0, 'disciplinary': 0, 'sanction': 0, 'sanctions': 0, 'suspicious': 0, 'investigation': 0, 'academic integrity': 4, 'collusion': 0, 'unfair': 0, 'cheat': 0, 'cheating': 0, 'detect': 0, 'detected': 0, 'offence': 0, 'offences': 0, 'punishment': 0, 'prohibit': 0, 'prohibited': 0, 'violation': 0, 'unauthorised': 0, 'unauthorized': 0, 'declare': 0, 'declaration': 0, 'disclose': 0, 'not permitted': 0, 'not allowed': 0, 'zero tolerance': 0}","{'literacy': 0, 'critical thinking': 0, 'pedagogy': 0, 'skill': 0, 'skills': 0, 'curriculum': 0, 'learning': 0, 'opportunity': 0, 'opportunities': 0, 'creativity': 0, 'creative': 0, 'agency': 0, 'assessment design': 0, 'co-creation': 0, 'student voice': 0, 'dialogue': 0, 'empower': 0, 'develop': 1, 'development': 0, 'competence': 0, 'capability': 0, 'ethical': 0, 'ethics': 0, 'responsible': 0, 'responsibility': 1, 'reflection': 0, 'reflective': 0, 'critical': 0, 'evaluate': 0, 'understand': 0, 'understanding': 0, 'engage': 0, 'engagement': 0, 'support': 0, 'guidance': 3, 'learn': 0, 'teach': 0, 'teaching': 0, 'practice': 0, 'practices': 0, 'digital literacy': 0, 'information literacy': 0, 'media literacy': 0}",0.5454545454545454,Balanced
University of Winchester,Post-1992,England,8941,271,134,30.31,14.99,"{'plagiarism': 8, 'detection': 0, 'misconduct': 39, 'penalty': 97, 'penalties': 17, 'turnitin': 2, 'contract cheating': 1, 'breach': 4, 'disciplinary': 1, 'sanction': 1, 'sanctions': 3, 'suspicious': 0, 'investigation': 12, 'academic integrity': 59, 'collusion': 2, 'unfair': 4, 'cheat': 0, 'cheating': 4, 'detect': 0, 'detected': 0, 'offence': 4, 'offences': 2, 'punishment': 0, 'prohibit': 0, 'prohibited': 0, 'violation': 0, 'unauthorised': 8, 'unauthorized': 0, 'declare': 0, 'declaration': 0, 'disclose': 2, 'not permitted': 1, 'not allowed': 0, 'zero tolerance': 0}","{'literacy': 0, 'critical thinking': 0, 'pedagogy': 0, 'skill': 0, 'skills': 1, 'curriculum': 0, 'learning': 7, 'opportunity': 4, 'opportunities': 1, 'creativity': 0, 'creative': 0, 'agency': 0, 'assessment design': 0, 'co-creation': 0, 'student voice': 0, 'dialogue': 0, 'empower': 0, 'develop': 1, 'development': 0, 'competence': 0, 'capability': 0, 'ethical': 5, 'ethics': 81, 'responsible': 1, 'responsibility': 1, 'reflection': 0, 'reflective': 0, 'critical': 0, 'evaluate': 0, 'understand': 0, 'understanding': 1, 'engage': 1, 'engagement': 1, 'support': 8, 'guidance': 2, 'learn': 0, 'teach': 0, 'teaching': 0, 'practice': 18, 'practices': 1, 'digital literacy': 0, 'information literacy': 0, 'media literacy': 0}",0.6691358024691358,Detection-dominant
York St John University,Post-1992,England,1719,19,52,11.05,30.25,"{'plagiarism': 1, 'detection': 0, 'misconduct': 5, 'penalty': 0, 'penalties': 0, 'turnitin': 0, 'contract cheating': 0, 'breach': 3, 'disciplinary': 0, 'sanction': 0, 'sanctions': 0, 'suspicious': 0, 'investigation': 0, 'academic integrity': 5, 'collusion': 0, 'unfair': 2, 'cheat': 0, 'cheating': 1, 'detect': 0, 'detected': 0, 'offence': 0, 'offences': 0, 'punishment': 0, 'prohibit': 0, 'prohibited': 2, 'violation': 0, 'unauthorised': 0, 'unauthorized': 0, 'declare': 0, 'declaration': 0, 'disclose': 0, 'not permitted': 0, 'not allowed': 0, 'zero tolerance': 0}","{'literacy': 1, 'critical thinking': 1, 'pedagogy': 0, 'skill': 0, 'skills': 3, 'curriculum': 1, 'learning': 9, 'opportunity': 0, 'opportunities': 0, 'creativity': 0, 'creative': 0, 'agency': 0, 'assessment design': 0, 'co-creation': 0, 'student voice': 0, 'dialogue': 0, 'empower': 0, 'develop': 1, 'development': 2, 'competence': 0, 'capability': 0, 'ethical': 3, 'ethics': 1, 'responsible': 6, 'responsibility': 1, 'reflection': 1, 'reflective': 1, 'critical': 3, 'evaluate': 0, 'understand': 0, 'understanding': 0, 'engage': 1, 'engagement': 0, 'support': 6, 'guidance': 2, 'learn': 3, 'teach': 0, 'teaching': 0, 'practice': 4, 'practices': 1, 'digital literacy': 1, 'information literacy': 0, 'media literacy': 0}",0.2676056338028169,Education-dominant
University of Worcester,Post-1992,England,1826,17,111,9.31,60.79,"{'plagiarism': 1, 'detection': 0, 'misconduct': 2, 'penalty': 0, 'penalties': 0, 'turnitin': 0, 'contract cheating': 0, 'breach': 0, 'disciplinary': 2, 'sanction': 0, 'sanctions': 0, 'suspicious': 0, 'investigation': 1, 'academic integrity': 8, 'collusion': 0, 'unfair': 0, 'cheat': 0, 'cheating': 0, 'detect': 2, 'detected': 0, 'offence': 0, 'offences': 0, 'punishment': 0, 'prohibit': 1, 'prohibited': 0, 'violation': 0, 'unauthorised': 0, 'unauthorized': 0, 'declare': 0, 'declaration': 0, 'disclose': 0, 'not permitted': 0, 'not allowed': 0, 'zero tolerance': 0}","{'literacy': 6, 'critical thinking': 1, 'pedagogy': 0, 'skill': 0, 'skills': 3, 'curriculum': 0, 'learning': 19, 'opportunity': 0, 'opportunities': 2, 'creativity': 1, 'creative': 1, 'agency': 0, 'assessment design': 0, 'co-creation': 0, 'student voice': 0, 'dialogue': 0, 'empower': 0, 'develop': 8, 'development': 6, 'competence': 0, 'capability': 1, 'ethical': 5, 'ethics': 1, 'responsible': 3, 'responsibility': 4, 'reflection': 0, 'reflective': 0, 'critical': 1, 'evaluate': 0, 'understand': 3, 'understanding': 3, 'engage': 0, 'engagement': 0, 'support': 9, 'guidance': 10, 'learn': 2, 'teach': 1, 'teaching': 13, 'practice': 6, 'practices': 2, 'digital literacy': 0, 'information literacy': 0, 'media literacy': 0}",0.1328125,Education-dominant
University of Cumbria,Post-1992,England,2402,7,46,2.91,19.15,"{'plagiarism': 1, 'detection': 0, 'misconduct': 0, 'penalty': 0, 'penalties': 0, 'turnitin': 0, 'contract cheating': 0, 'breach': 0, 'disciplinary': 0, 'sanction': 0, 'sanctions': 0, 'suspicious': 0, 'investigation': 0, 'academic integrity': 5, 'collusion': 0, 'unfair': 0, 'cheat': 0, 'cheating': 0, 'detect': 1, 'detected': 0, 'offence': 0, 'offences': 0, 'punishment': 0, 'prohibit': 0, 'prohibited': 0, 'violation': 0, 'unauthorised': 0, 'unauthorized': 0, 'declare': 0, 'declaration': 0, 'disclose': 0, 'not permitted': 0, 'not allowed': 0, 'zero tolerance': 0}","{'literacy': 0, 'critical thinking': 4, 'pedagogy': 0, 'skill': 0, 'skills': 6, 'curriculum': 0, 'learning': 0, 'opportunity': 0, 'opportunities': 1, 'creativity': 0, 'creative': 1, 'agency': 0, 'assessment design': 0, 'co-creation': 0, 'student voice': 0, 'dialogue': 0, 'empower': 0, 'develop': 3, 'development': 0, 'competence': 0, 'capability': 0, 'ethical': 4, 'ethics': 0, 'responsible': 0, 'responsibility': 0, 'reflection': 0, 'reflective': 3, 'critical': 7, 'evaluate': 2, 'understand': 1, 'understanding': 0, 'engage': 0, 'engagement': 0, 'support': 5, 'guidance': 3, 'learn': 0, 'teach': 0, 'teaching': 0, 'practice': 3, 'practices': 3, 'digital literacy': 0, 'information literacy': 0, 'media literacy': 0}",0.1320754716981132,Education-dominant
University of Suffolk,Post-1992,England,1089,2,23,1.84,21.12,"{'plagiarism': 0, 'detection': 0, 'misconduct': 1, 'penalty': 0, 'penalties': 0, 'turnitin': 0, 'contract cheating': 0, 'breach': 0, 'disciplinary': 0, 'sanction': 0, 'sanctions': 0, 'suspicious': 0, 'investigation': 0, 'academic integrity': 1, 'collusion': 0, 'unfair': 0, 'cheat': 0, 'cheating': 0, 'detect': 0, 'detected': 0, 'offence': 0, 'offences': 0, 'punishment': 0, 'prohibit': 0, 'prohibited': 0, 'violation': 0, 'unauthorised': 0, 'unauthorized': 0, 'declare': 0, 'declaration': 0, 'disclose': 0, 'not permitted': 0, 'not allowed': 0, 'zero tolerance': 0}","{'literacy': 1, 'critical thinking': 0, 'pedagogy': 0, 'skill': 0, 'skills': 1, 'curriculum': 0, 'learning': 6, 'opportunity': 0, 'opportunities': 0, 'creativity': 0, 'creative': 0, 'agency': 0, 'assessment design': 0, 'co-creation': 0, 'student voice': 0, 'dialogue': 0, 'empower': 0, 'develop': 0, 'development': 0, 'competence': 0, 'capability': 0, 'ethical': 5, 'ethics': 1, 'responsible': 0, 'responsibility': 0, 'reflection': 0, 'reflective': 0, 'critical': 0, 'evaluate': 1, 'understand': 0, 'understanding': 0, 'engage': 0, 'engagement': 0, 'support': 2, 'guidance': 0, 'learn': 1, 'teach': 0, 'teaching': 0, 'practice': 5, 'practices': 0, 'digital literacy': 0, 'information literacy': 0, 'media literacy': 0}",0.08,Education-dominant
Solent University,Post-1992,England,3774,29,125,7.68,33.12,"{'plagiarism': 3, 'detection': 1, 'misconduct': 8, 'penalty': 0, 'penalties': 1, 'turnitin': 0, 'contract cheating': 1, 'breach': 2, 'disciplinary': 0, 'sanction': 0, 'sanctions': 0, 'suspicious': 0, 'investigation': 0, 'academic integrity': 7, 'collusion': 0, 'unfair': 0, 'cheat': 0, 'cheating': 2, 'detect': 0, 'detected': 0, 'offence': 0, 'offences': 0, 'punishment': 0, 'prohibit': 0, 'prohibited': 0, 'violation': 0, 'unauthorised': 2, 'unauthorized': 0, 'declare': 0, 'declaration': 1, 'disclose': 0, 'not permitted': 1, 'not allowed': 0, 'zero tolerance': 0}","{'literacy': 4, 'critical thinking': 2, 'pedagogy': 0, 'skill': 0, 'skills': 2, 'curriculum': 0, 'learning': 25, 'opportunity': 1, 'opportunities': 1, 'creativity': 0, 'creative': 1, 'agency': 0, 'assessment design': 1, 'co-creation': 0, 'student voice': 0, 'dialogue': 0, 'empower': 0, 'develop': 5, 'development': 0, 'competence': 0, 'capability': 0, 'ethical': 23, 'ethics': 5, 'responsible': 3, 'responsibility': 1, 'reflection': 2, 'reflective': 0, 'critical': 2, 'evaluate': 1, 'understand': 1, 'understanding': 3, 'engage': 5, 'engagement': 1, 'support': 6, 'guidance': 4, 'learn': 3, 'teach': 0, 'teaching': 18, 'practice': 0, 'practices': 4, 'digital literacy': 0, 'information literacy': 1, 'media literacy': 0}",0.18831168831168832,Education-dominant
St Mary's University Twickenham,Post-1992,England,2603,21,55,8.07,21.13,"{'plagiarism': 0, 'detection': 1, 'misconduct': 5, 'penalty': 0, 'penalties': 1, 'turnitin': 0, 'contract cheating': 0, 'breach': 0, 'disciplinary': 0, 'sanction': 0, 'sanctions': 0, 'suspicious': 0, 'investigation': 0, 'academic integrity': 3, 'collusion': 0, 'unfair': 4, 'cheat': 0, 'cheating': 3, 'detect': 1, 'detected': 0, 'offence': 0, 'offences': 0, 'punishment': 0, 'prohibit': 2, 'prohibited': 0, 'violation': 0, 'unauthorised': 0, 'unauthorized': 0, 'declare': 1, 'declaration': 0, 'disclose': 0, 'not permitted': 0, 'not allowed': 0, 'zero tolerance': 0}","{'literacy': 0, 'critical thinking': 1, 'pedagogy': 0, 'skill': 0, 'skills': 0, 'curriculum': 0, 'learning': 9, 'opportunity': 0, 'opportunities': 1, 'creativity': 0, 'creative': 0, 'agency': 0, 'assessment design': 0, 'co-creation': 0, 'student voice': 0, 'dialogue': 0, 'empower': 0, 'develop': 1, 'development': 0, 'competence': 0, 'capability': 0, 'ethical': 3, 'ethics': 0, 'responsible': 1, 'responsibility': 0, 'reflection': 0, 'reflective': 0, 'critical': 2, 'evaluate': 0, 'understand': 5, 'understanding': 3, 'engage': 3, 'engagement': 1, 'support': 2, 'guidance': 17, 'learn': 1, 'teach': 0, 'teaching': 1, 'practice': 3, 'practices': 1, 'digital literacy': 0, 'information literacy': 0, 'media literacy': 0}",0.27631578947368424,Education-dominant
Buckinghamshire New University,Post-1992,England,1713,15,27,8.76,15.76,"{'plagiarism': 3, 'detection': 0, 'misconduct': 6, 'penalty': 0, 'penalties': 1, 'turnitin': 0, 'contract cheating': 0, 'breach': 0, 'disciplinary': 1, 'sanction': 0, 'sanctions': 0, 'suspicious': 0, 'investigation': 0, 'academic integrity': 4, 'collusion': 0, 'unfair': 0, 'cheat': 0, 'cheating': 0, 'detect': 0, 'detected': 0, 'offence': 0, 'offences': 0, 'punishment': 0, 'prohibit': 0, 'prohibited': 0, 'violation': 0, 'unauthorised': 0, 'unauthorized': 0, 'declare': 0, 'declaration': 0, 'disclose': 0, 'not permitted': 0, 'not allowed': 0, 'zero tolerance': 0}","{'literacy': 0, 'critical thinking': 1, 'pedagogy': 0, 'skill': 2, 'skills': 0, 'curriculum': 0, 'learning': 3, 'opportunity': 0, 'opportunities': 0, 'creativity': 0, 'creative': 1, 'agency': 0, 'assessment design': 0, 'co-creation': 0, 'student voice': 0, 'dialogue': 0, 'empower': 0, 'develop': 0, 'development': 0, 'competence': 0, 'capability': 0, 'ethical': 0, 'ethics': 0, 'responsible': 1, 'responsibility': 0, 'reflection': 0, 'reflective': 0, 'critical': 1, 'evaluate': 0, 'understand': 3, 'understanding': 3, 'engage': 1, 'engagement': 1, 'support': 3, 'guidance': 5, 'learn': 1, 'teach': 0, 'teaching': 0, 'practice': 1, 'practices': 0, 'digital literacy': 0, 'information literacy': 0, 'media literacy': 0}",0.35714285714285715,Education-dominant
University College Birmingham,Post-1992,England,655,10,14,15.27,21.37,"{'plagiarism': 1, 'detection': 0, 'misconduct': 0, 'penalty': 0, 'penalties': 0, 'turnitin': 0, 'contract cheating': 0, 'breach': 0, 'disciplinary': 1, 'sanction': 0, 'sanctions': 0, 'suspicious': 0, 'investigation': 0, 'academic integrity': 0, 'collusion': 0, 'unfair': 0, 'cheat': 0, 'cheating': 0, 'detect': 0, 'detected': 0, 'offence': 0, 'offences': 0, 'punishment': 0, 'prohibit': 0, 'prohibited': 5, 'violation': 1, 'unauthorised': 2, 'unauthorized': 0, 'declare': 0, 'declaration': 0, 'disclose': 0, 'not permitted': 0, 'not allowed': 0, 'zero tolerance': 0}","{'literacy': 0, 'critical thinking': 0, 'pedagogy': 0, 'skill': 0, 'skills': 0, 'curriculum': 0, 'learning': 0, 'opportunity': 0, 'opportunities': 0, 'creativity': 0, 'creative': 0, 'agency': 0, 'assessment design': 0, 'co-creation': 0, 'student voice': 0, 'dialogue': 0, 'empower': 0, 'develop': 0, 'development': 2, 'competence': 0, 'capability': 0, 'ethical': 3, 'ethics': 0, 'responsible': 5, 'responsibility': 2, 'reflection': 0, 'reflective': 0, 'critical': 0, 'evaluate': 0, 'understand': 0, 'understanding': 0, 'engage': 0, 'engagement': 0, 'support': 1, 'guidance': 0, 'learn': 0, 'teach': 0, 'teaching': 0, 'practice': 0, 'practices': 1, 'digital literacy': 0, 'information literacy': 0, 'media literacy': 0}",0.4166666666666667,Balanced
University of West London,Post-1992,England,3204,33,78,10.3,24.34,"{'plagiarism': 1, 'detection': 0, 'misconduct': 8, 'penalty': 1, 'penalties': 0, 'turnitin': 0, 'contract cheating': 0, 'breach': 2, 'disciplinary': 0, 'sanction': 0, 'sanctions': 0, 'suspicious': 0, 'investigation': 0, 'academic integrity': 10, 'collusion': 0, 'unfair': 3, 'cheat': 0, 'cheating': 2, 'detect': 0, 'detected': 0, 'offence': 0, 'offences': 1, 'punishment': 0, 'prohibit': 0, 'prohibited': 0, 'violation': 0, 'unauthorised': 1, 'unauthorized': 0, 'declare': 0, 'declaration': 0, 'disclose': 0, 'not permitted': 4, 'not allowed': 0, 'zero tolerance': 0}","{'literacy': 0, 'critical thinking': 5, 'pedagogy': 0, 'skill': 0, 'skills': 6, 'curriculum': 0, 'learning': 14, 'opportunity': 1, 'opportunities': 0, 'creativity': 0, 'creative': 1, 'agency': 0, 'assessment design': 0, 'co-creation': 0, 'student voice': 0, 'dialogue': 0, 'empower': 0, 'develop': 4, 'development': 2, 'competence': 0, 'capability': 0, 'ethical': 2, 'ethics': 2, 'responsible': 0, 'responsibility': 0, 'reflection': 1, 'reflective': 0, 'critical': 7, 'evaluate': 2, 'understand': 8, 'understanding': 7, 'engage': 1, 'engagement': 0, 'support': 7, 'guidance': 5, 'learn': 0, 'teach': 0, 'teaching': 0, 'practice': 3, 'practices': 0, 'digital literacy': 0, 'information literacy': 0, 'media literacy': 0}",0.2972972972972973,Education-dominant
Falmouth University,Post-1992,England,2909,96,42,33.0,14.44,"{'plagiarism': 11, 'detection': 1, 'misconduct': 28, 'penalty': 0, 'penalties': 3, 'turnitin': 0, 'contract cheating': 1, 'breach': 4, 'disciplinary': 3, 'sanction': 0, 'sanctions': 0, 'suspicious': 0, 'investigation': 6, 'academic integrity': 22, 'collusion': 5, 'unfair': 3, 'cheat': 0, 'cheating': 1, 'detect': 0, 'detected': 0, 'offence': 5, 'offences': 1, 'punishment': 0, 'prohibit': 0, 'prohibited': 1, 'violation': 0, 'unauthorised': 1, 'unauthorized': 0, 'declare': 0, 'declaration': 0, 'disclose': 0, 'not permitted': 0, 'not allowed': 0, 'zero tolerance': 0}","{'literacy': 0, 'critical thinking': 0, 'pedagogy': 0, 'skill': 0, 'skills': 6, 'curriculum': 0, 'learning': 4, 'opportunity': 1, 'opportunities': 0, 'creativity': 0, 'creative': 1, 'agency': 0, 'assessment design': 0, 'co-creation': 0, 'student voice': 0, 'dialogue': 0, 'empower': 0, 'develop': 0, 'development': 1, 'competence': 0, 'capability': 0, 'ethical': 1, 'ethics': 3, 'responsible': 3, 'responsibility': 4, 'reflection': 2, 'reflective': 0, 'critical': 0, 'evaluate': 0, 'understand': 1, 'understanding': 1, 'engage': 1, 'engagement': 0, 'support': 8, 'guidance': 2, 'learn': 0, 'teach': 0, 'teaching': 1, 'practice': 2, 'practices': 0, 'digital literacy': 0, 'information literacy': 0, 'media literacy': 0}",0.6956521739130435,Detection-dominant
University of Wales Trinity Saint David,Post-1992,Wales,10099,20,114,1.98,11.29,"{'plagiarism': 0, 'detection': 0, 'misconduct': 9, 'penalty': 0, 'penalties': 4, 'turnitin': 0, 'contract cheating': 0, 'breach': 0, 'disciplinary': 0, 'sanction': 0, 'sanctions': 0, 'suspicious': 0, 'investigation': 0, 'academic integrity': 2, 'collusion': 0, 'unfair': 0, 'cheat': 0, 'cheating': 0, 'detect': 0, 'detected': 0, 'offence': 0, 'offences': 0, 'punishment': 0, 'prohibit': 0, 'prohibited': 0, 'violation': 0, 'unauthorised': 0, 'unauthorized': 1, 'declare': 0, 'declaration': 0, 'disclose': 0, 'not permitted': 0, 'not allowed': 4, 'zero tolerance': 0}","{'literacy': 3, 'critical thinking': 0, 'pedagogy': 0, 'skill': 1, 'skills': 1, 'curriculum': 0, 'learning': 5, 'opportunity': 2, 'opportunities': 2, 'creativity': 1, 'creative': 20, 'agency': 0, 'assessment design': 0, 'co-creation': 0, 'student voice': 0, 'dialogue': 2, 'empower': 0, 'develop': 1, 'development': 8, 'competence': 0, 'capability': 0, 'ethical': 10, 'ethics': 0, 'responsible': 0, 'responsibility': 1, 'reflection': 0, 'reflective': 0, 'critical': 1, 'evaluate': 0, 'understand': 4, 'understanding': 5, 'engage': 0, 'engagement': 0, 'support': 28, 'guidance': 14, 'learn': 1, 'teach': 0, 'teaching': 1, 'practice': 2, 'practices': 1, 'digital literacy': 0, 'information literacy': 0, 'media literacy': 0}",0.14925373134328357,Education-dominant
University of the Highlands and Islands,Post-1992,Scotland,2327,11,43,4.73,18.48,"{'plagiarism': 3, 'detection': 0, 'misconduct': 3, 'penalty': 0, 'penalties': 0, 'turnitin': 2, 'contract cheating': 0, 'breach': 1, 'disciplinary': 0, 'sanction': 0, 'sanctions': 0, 'suspicious': 0, 'investigation': 0, 'academic integrity': 0, 'collusion': 0, 'unfair': 0, 'cheat': 0, 'cheating': 0, 'detect': 0, 'detected': 1, 'offence': 0, 'offences': 0, 'punishment': 0, 'prohibit': 0, 'prohibited': 0, 'violation': 0, 'unauthorised': 1, 'unauthorized': 0, 'declare': 0, 'declaration': 0, 'disclose': 0, 'not permitted': 0, 'not allowed': 0, 'zero tolerance': 0}","{'literacy': 0, 'critical thinking': 0, 'pedagogy': 0, 'skill': 0, 'skills': 2, 'curriculum': 0, 'learning': 7, 'opportunity': 0, 'opportunities': 0, 'creativity': 1, 'creative': 0, 'agency': 0, 'assessment design': 0, 'co-creation': 0, 'student voice': 0, 'dialogue': 0, 'empower': 0, 'develop': 0, 'development': 0, 'competence': 0, 'capability': 0, 'ethical': 3, 'ethics': 1, 'responsible': 1, 'responsibility': 0, 'reflection': 0, 'reflective': 0, 'critical': 0, 'evaluate': 0, 'understand': 0, 'understanding': 1, 'engage': 0, 'engagement': 0, 'support': 10, 'guidance': 6, 'learn': 2, 'teach': 1, 'teaching': 3, 'practice': 4, 'practices': 1, 'digital literacy': 0, 'information literacy': 0, 'media literacy': 0}",0.2037037037037037,Education-dominant
Arts University Bournemouth,Specialist,England,1827,6,61,3.28,33.39,"{'plagiarism': 3, 'detection': 0, 'misconduct': 1, 'penalty': 0, 'penalties': 0, 'turnitin': 0, 'contract cheating': 0, 'breach': 0, 'disciplinary': 0, 'sanction': 0, 'sanctions': 0, 'suspicious': 0, 'investigation': 0, 'academic integrity': 2, 'collusion': 0, 'unfair': 0, 'cheat': 0, 'cheating': 0, 'detect': 0, 'detected': 0, 'offence': 0, 'offences': 0, 'punishment': 0, 'prohibit': 0, 'prohibited': 0, 'violation': 0, 'unauthorised': 0, 'unauthorized': 0, 'declare': 0, 'declaration': 0, 'disclose': 0, 'not permitted': 0, 'not allowed': 0, 'zero tolerance': 0}","{'literacy': 0, 'critical thinking': 0, 'pedagogy': 0, 'skill': 0, 'skills': 7, 'curriculum': 0, 'learning': 11, 'opportunity': 1, 'opportunities': 0, 'creativity': 0, 'creative': 2, 'agency': 0, 'assessment design': 0, 'co-creation': 0, 'student voice': 0, 'dialogue': 0, 'empower': 0, 'develop': 0, 'development': 0, 'competence': 0, 'capability': 0, 'ethical': 9, 'ethics': 0, 'responsible': 0, 'responsibility': 0, 'reflection': 0, 'reflective': 0, 'critical': 0, 'evaluate': 5, 'understand': 8, 'understanding': 9, 'engage': 0, 'engagement': 0, 'support': 4, 'guidance': 2, 'learn': 3, 'teach': 0, 'teaching': 0, 'practice': 0, 'practices': 0, 'digital literacy': 0, 'information literacy': 0, 'media literacy': 0}",0.08955223880597014,Education-dominant
Arts University Plymouth,Specialist,England,1027,1,44,0.97,42.84,"{'plagiarism': 0, 'detection': 0, 'misconduct': 1, 'penalty': 0, 'penalties': 0, 'turnitin': 0, 'contract cheating': 0, 'breach': 0, 'disciplinary': 0, 'sanction': 0, 'sanctions': 0, 'suspicious': 0, 'investigation': 0, 'academic integrity': 0, 'collusion': 0, 'unfair': 0, 'cheat': 0, 'cheating': 0, 'detect': 0, 'detected': 0, 'offence': 0, 'offences': 0, 'punishment': 0, 'prohibit': 0, 'prohibited': 0, 'violation': 0, 'unauthorised': 0, 'unauthorized': 0, 'declare': 0, 'declaration': 0, 'disclose': 0, 'not permitted': 0, 'not allowed': 0, 'zero tolerance': 0}","{'literacy': 0, 'critical thinking': 0, 'pedagogy': 0, 'skill': 0, 'skills': 2, 'curriculum': 0, 'learning': 4, 'opportunity': 0, 'opportunities': 2, 'creativity': 0, 'creative': 10, 'agency': 0, 'assessment design': 0, 'co-creation': 0, 'student voice': 0, 'dialogue': 0, 'empower': 0, 'develop': 3, 'development': 0, 'competence': 0, 'capability': 0, 'ethical': 2, 'ethics': 0, 'responsible': 0, 'responsibility': 0, 'reflection': 0, 'reflective': 0, 'critical': 0, 'evaluate': 0, 'understand': 1, 'understanding': 3, 'engage': 1, 'engagement': 0, 'support': 4, 'guidance': 1, 'learn': 0, 'teach': 0, 'teaching': 3, 'practice': 7, 'practices': 1, 'digital literacy': 0, 'information literacy': 0, 'media literacy': 0}",0.022222222222222223,Education-dominant
Royal College of Art,Specialist,England,17118,20,624,1.17,36.45,"{'plagiarism': 11, 'detection': 2, 'misconduct': 1, 'penalty': 0, 'penalties': 0, 'turnitin': 1, 'contract cheating': 0, 'breach': 0, 'disciplinary': 0, 'sanction': 0, 'sanctions': 0, 'suspicious': 0, 'investigation': 0, 'academic integrity': 2, 'collusion': 0, 'unfair': 0, 'cheat': 0, 'cheating': 1, 'detect': 0, 'detected': 0, 'offence': 0, 'offences': 0, 'punishment': 0, 'prohibit': 0, 'prohibited': 0, 'violation': 0, 'unauthorised': 1, 'unauthorized': 0, 'declare': 0, 'declaration': 0, 'disclose': 0, 'not permitted': 1, 'not allowed': 0, 'zero tolerance': 0}","{'literacy': 22, 'critical thinking': 2, 'pedagogy': 5, 'skill': 1, 'skills': 14, 'curriculum': 5, 'learning': 48, 'opportunity': 1, 'opportunities': 12, 'creativity': 7, 'creative': 47, 'agency': 5, 'assessment design': 0, 'co-creation': 1, 'student voice': 0, 'dialogue': 0, 'empower': 0, 'develop': 10, 'development': 24, 'competence': 1, 'capability': 3, 'ethical': 35, 'ethics': 39, 'responsible': 70, 'responsibility': 4, 'reflection': 0, 'reflective': 0, 'critical': 9, 'evaluate': 2, 'understand': 10, 'understanding': 19, 'engage': 8, 'engagement': 4, 'support': 54, 'guidance': 65, 'learn': 6, 'teach': 3, 'teaching': 35, 'practice': 37, 'practices': 16, 'digital literacy': 0, 'information literacy': 0, 'media literacy': 0}",0.031055900621118012,Education-dominant
Trinity Laban Conservatoire of Music and Dance,Specialist,England,929,5,27,5.38,29.06,"{'plagiarism': 0, 'detection': 0, 'misconduct': 3, 'penalty': 0, 'penalties': 0, 'turnitin': 0, 'contract cheating': 0, 'breach': 0, 'disciplinary': 0, 'sanction': 0, 'sanctions': 0, 'suspicious': 0, 'investigation': 0, 'academic integrity': 0, 'collusion': 0, 'unfair': 1, 'cheat': 0, 'cheating': 0, 'detect': 1, 'detected': 0, 'offence': 0, 'offences': 0, 'punishment': 0, 'prohibit': 0, 'prohibited': 0, 'violation': 0, 'unauthorised': 0, 'unauthorized': 0, 'declare': 0, 'declaration': 0, 'disclose': 0, 'not permitted': 0, 'not allowed': 0, 'zero tolerance': 0}","{'literacy': 0, 'critical thinking': 0, 'pedagogy': 0, 'skill': 0, 'skills': 0, 'curriculum': 0, 'learning': 8, 'opportunity': 0, 'opportunities': 0, 'creativity': 0, 'creative': 0, 'agency': 0, 'assessment design': 0, 'co-creation': 0, 'student voice': 0, 'dialogue': 0, 'empower': 0, 'develop': 2, 'development': 1, 'competence': 0, 'capability': 0, 'ethical': 2, 'ethics': 0, 'responsible': 0, 'responsibility': 1, 'reflection': 0, 'reflective': 0, 'critical': 1, 'evaluate': 0, 'understand': 2, 'understanding': 2, 'engage': 1, 'engagement': 1, 'support': 1, 'guidance': 3, 'learn': 2, 'teach': 0, 'teaching': 0, 'practice': 0, 'practices': 0, 'digital literacy': 0, 'information literacy': 0, 'media literacy': 0}",0.15625,Education-dominant
Courtauld Institute of Art,Specialist,England,3251,102,27,31.37,8.31,"{'plagiarism': 19, 'detection': 1, 'misconduct': 36, 'penalty': 3, 'penalties': 5, 'turnitin': 0, 'contract cheating': 2, 'breach': 0, 'disciplinary': 0, 'sanction': 0, 'sanctions': 1, 'suspicious': 0, 'investigation': 0, 'academic integrity': 5, 'collusion': 10, 'unfair': 3, 'cheat': 0, 'cheating': 9, 'detect': 0, 'detected': 0, 'offence': 1, 'offences': 0, 'punishment': 0, 'prohibit': 0, 'prohibited': 1, 'violation': 0, 'unauthorised': 3, 'unauthorized': 0, 'declare': 0, 'declaration': 2, 'disclose': 0, 'not permitted': 1, 'not allowed': 0, 'zero tolerance': 0}","{'literacy': 0, 'critical thinking': 0, 'pedagogy': 0, 'skill': 0, 'skills': 3, 'curriculum': 0, 'learning': 1, 'opportunity': 0, 'opportunities': 1, 'creativity': 0, 'creative': 0, 'agency': 0, 'assessment design': 0, 'co-creation': 0, 'student voice': 0, 'dialogue': 0, 'empower': 0, 'develop': 0, 'development': 0, 'competence': 0, 'capability': 0, 'ethical': 1, 'ethics': 0, 'responsible': 0, 'responsibility': 4, 'reflection': 0, 'reflective': 0, 'critical': 1, 'evaluate': 0, 'understand': 0, 'understanding': 3, 'engage': 0, 'engagement': 0, 'support': 2, 'guidance': 3, 'learn': 0, 'teach': 0, 'teaching': 0, 'practice': 8, 'practices': 0, 'digital literacy': 0, 'information literacy': 0, 'media literacy': 0}",0.7906976744186046,Detection-dominant
Harper Adams University,Specialist,England,6219,259,72,41.65,11.58,"{'plagiarism': 5, 'detection': 0, 'misconduct': 179, 'penalty': 7, 'penalties': 13, 'turnitin': 5, 'contract cheating': 2, 'breach': 0, 'disciplinary': 0, 'sanction': 2, 'sanctions': 0, 'suspicious': 0, 'investigation': 12, 'academic integrity': 13, 'collusion': 4, 'unfair': 4, 'cheat': 1, 'cheating': 5, 'detect': 1, 'detected': 0, 'offence': 0, 'offences': 0, 'punishment': 0, 'prohibit': 0, 'prohibited': 0, 'violation': 2, 'unauthorised': 2, 'unauthorized': 1, 'declare': 1, 'declaration': 0, 'disclose': 0, 'not permitted': 0, 'not allowed': 0, 'zero tolerance': 0}","{'literacy': 0, 'critical thinking': 0, 'pedagogy': 0, 'skill': 0, 'skills': 1, 'curriculum': 0, 'learning': 0, 'opportunity': 13, 'opportunities': 0, 'creativity': 0, 'creative': 0, 'agency': 0, 'assessment design': 0, 'co-creation': 0, 'student voice': 0, 'dialogue': 0, 'empower': 0, 'develop': 1, 'development': 0, 'competence': 0, 'capability': 0, 'ethical': 4, 'ethics': 2, 'responsible': 2, 'responsibility': 3, 'reflection': 0, 'reflective': 0, 'critical': 0, 'evaluate': 1, 'understand': 6, 'understanding': 5, 'engage': 0, 'engagement': 0, 'support': 7, 'guidance': 4, 'learn': 0, 'teach': 0, 'teaching': 0, 'practice': 20, 'practices': 3, 'digital literacy': 0, 'information literacy': 0, 'media literacy': 0}",0.7824773413897281,Detection-dominant
